cell_id,batch,index,policy,cycle_life,n_cycles,qref,last_QD,first_below_0_88_after_cycle1,label_equals_n_plus_1,label_matches_0_88_crossing,observed_0_88_crossing,early_bad_QD_rows,early_summary_nan,has_first100,has_delta,v_min,v_max,v_points,policy_parse_ok,barcode_raw,channel_raw,early_fingerprint,included,reason
B1c0,B1,0,3.6C(80%)-3.6C,1190.0,1189,1.0735761,1.0262098,,True,False,False,1,1,True,True,2.0,3.5,1000,True,"3707764736,2,1,1,1,1","3707764736,2,1,1,47,1",4e2fb04e4460f12e646679c9e0f1706f5ad27e820fbf416e2468b071135e61dc,True,included
B1c1,B1,1,3.6C(80%)-3.6C,1179.0,1178,1.078544,1.0382246,,True,False,False,0,0,True,True,2.0,3.5,1000,True,"3707764736,2,1,1,2,1","3707764736,2,1,1,48,1",3daab650fabc6261a3d5ea89e7453dec68a5b3e1dcdaaf644c0ef4be12b90b0b,True,included
B1c2,B1,2,3.6C(80%)-3.6C,1177.0,1176,1.0830303,1.0432786,,True,False,False,0,0,True,True,2.0,3.5,1000,True,"3707764736,2,1,1,3,1","3707764736,2,1,1,49,1",9ca2e64a69c02eb459562bf9de990e7d06b51dda2e88e41df5c6fc59ec4b5dfa,True,included
B1c3,B1,3,4C(80%)-4C,1226.0,1225,1.083112,0.97092122,,True,False,False,0,0,True,True,2.0,3.5,1000,True,"3707764736,2,1,1,4,1","3707764736,2,1,1,50,1",e5c1c46ae33bf90272d6178f12fe6456332350b298fbf02b2458a22135dd6bfb,True,included
B1c4,B1,4,4C(80%)-4C,1227.0,1226,1.0807526,1.0219597,,True,False,False,0,0,True,True,2.0,3.5,1000,True,"3707764736,2,1,1,5,1","3707764736,2,1,1,51,1",e8ab8c77646092499af6a1b640ef2c543c0bbc9bdd88fd53d97da5b8167d16cc,True,included
B1c5,B1,5,4.4C(80%)-4.4C,1074.0,1073,1.0790976,0.88053626,,True,False,False,0,0,True,True,2.0,3.5,1000,True,"3707764736,2,1,1,6,1","3707764736,2,1,1,52,1",265c12efaf2e65e0569494d487d9b6453d1fa5a9d66675eca5b3258ab29cbfd0,True,included
B1c6,B1,6,4.8C(80%)-4.8C,636.0,635,1.0798916,0.8800565,,True,False,False,0,0,True,True,2.0,3.5,1000,True,"3707764736,2,1,1,7,1","3707764736,2,1,1,53,1",db8c510ad0b985a3b97511e98a7843b16c6553e62d436f48be44d2310f0d2877,True,included
B1c7,B1,7,4.8C(80%)-4.8C,870.0,869,1.0969613,0.88110596,,True,False,False,0,0,True,True,2.0,3.5,1000,True,"3707764736,2,1,1,8,1","3707764736,2,1,1,54,1",32c1b0e00956f8ca3d782deaeba6ec4e985fc7cbe382fcf2704738b8585135f9,True,included
B1c8,B1,8,5.4C(40%)-3.6C,879.0,878,1.0930603,0.96902454,,True,False,False,0,0,True,True,2.0,3.5,1000,True,"3707764736,2,1,1,9,1","3707764736,2,1,1,55,1",837ccac09df75d5c60044e58809c32f048bac7e97bb3eef6cf6613fe9e403832,True,included
B1c9,B1,9,5.4C(40%)-3.6C,1054.0,1053,1.0852641,0.8809284,,True,False,False,0,0,True,True,2.0,3.5,1000,True,"3707764736,2,1,1,10,1","3707764736,2,1,1,56,1",354b800d6ef965e10956acb1110633bfe40b946f665a3b521e431ff0e57dbc06,True,included
B1c10,B1,10,5.4C(50%)-3C,906.0,905,1.0779266,0.96101874,,True,False,False,0,0,True,True,2.0,3.5,1000,True,"3707764736,2,1,1,11,1","3707764736,2,1,1,57,1",306be3776acba56c49af8e9d25869d6630f869773701ed9e75f3de10172f17c0,True,included
B1c11,B1,11,5.4C(50%)-3C,788.0,787,1.0570793,0.88054359,,True,False,False,0,0,True,True,2.0,3.5,1000,True,"3707764736,2,1,1,12,1","3707764736,2,1,1,58,1",89ae66ba8059e8fa926a4312a9292af785740fc7396bf601d0362fc6b9833944,True,included
B1c12,B1,12,5.4C(50%)-3.6C,902.0,901,1.0801911,0.91311944,,True,False,False,0,0,True,True,2.0,3.5,1000,True,"3707764736,2,1,1,13,1","3707764736,2,1,1,59,1",fe08fea5e53100b736de971741d08055221af5cbf7d83ffb45f37b3afc7f7a35,True,included
B1c13,B1,13,5.4C(50%)-3.6C,897.0,896,1.0827487,0.92313582,,True,False,False,0,0,True,True,2.0,3.5,1000,True,"3707764736,2,1,1,14,1","3707764736,2,1,1,60,1",ebb0d43177f7cd8bd92a0e6bf85e7ba7c5f93a49dd2651b339cd5ad02131e579,True,included
B1c14,B1,14,5.4C(60%)-3C,880.0,879,1.0739669,0.8800649,,True,False,False,0,0,True,True,2.0,3.5,1000,True,"3707764736,2,1,1,15,1","3707764736,2,1,1,61,1",3e4cfa95122497771fb780176d03e2e505c287dfe69a3d3bca427d9939245c45,True,included
B1c15,B1,15,5.4C(60%)-3C,719.0,718,1.0652857,0.88298881,,True,False,False,0,0,True,True,2.0,3.5,1000,True,"3707764736,2,1,1,16,1","3707764736,2,1,1,62,1",669eda9fe6c4c1f6e04719df53dc740dd7f5413611a18bf28640584fc1163e4a,True,included
B1c16,B1,16,5.4C(60%)-3.6C,862.0,861,1.0846543,0.88096577,,True,False,False,0,0,True,True,2.0,3.5,1000,True,"3707764736,2,1,1,17,1","3707764736,2,1,1,63,1",1374ab5b98afdcf368d0af23065e6f87c4e024f23fa6607627499d7f92216ee9,True,included
B1c17,B1,17,5.4C(60%)-3.6C,857.0,856,1.0748942,0.8832469,,True,False,False,0,0,True,True,2.0,3.5,1000,True,"3707764736,2,1,1,18,1","3707764736,2,1,1,64,1",bf5a207e39055fff464cab39c7a068a3b8790c869f09a545f48b84f95b529ad0,True,included
B1c18,B1,18,5.4C(70%)-3C,691.0,690,1.0683733,0.88114411,,True,False,False,1,1,True,True,2.0,3.5,1000,True,"3707764736,2,1,1,19,1","3707764736,2,1,1,65,1",e40f729162940ee29b4bc44aa0a29d70243b59f3207632fa7494275ad4d2350a,True,included
B1c19,B1,19,5.4C(70%)-3C,788.0,787,1.0877784,0.88093972,,True,False,False,0,0,True,True,2.0,3.5,1000,True,"3707764736,2,1,1,20,1","3707764736,2,1,1,66,1",27191cf69d9bc282e33bdd041b4e0ea94632820bd9212a73c1ca080f4ab49f46,True,included
B1c20,B1,20,5.4C(80%)-5.4C,534.0,533,1.0752697,0.88078493,,True,False,False,0,0,True,True,2.0,3.5,1000,True,"3707764736,2,1,1,21,1","3707764736,2,1,1,67,1",5b54b5dc74444ec2804ad8e8d22b62939cad5fb9cafb01e06187ec5b6b59f0e6,True,included
B1c21,B1,21,5.4C(80%)-5.4C,559.0,558,1.0851753,0.88016534,,True,False,False,0,0,True,True,2.0,3.5,1000,True,"3707764736,2,1,1,22,1","3707764736,2,1,1,68,1",4b95479a77ad71f85fc1a7da0735b53c518a8a81cb9ef716b8bd771e3effe28c,True,included
B1c22,B1,22,6C(30%)-3.6C,891.0,890,1.0822772,0.96327895,,True,False,False,0,0,True,True,2.0,3.5,1000,True,"3707764736,2,1,1,23,1","3707764736,2,1,1,69,1",a81cdf14e4d06e5ad617acbdd9b0ef32e8b9cfb531f7eef4debcedd4576e2d0e,True,included
B1c23,B1,23,6C(30%)-3.6C,1014.0,1013,1.0819774,0.88066453,,True,False,False,0,0,True,True,2.0,3.5,1000,True,"3707764736,2,1,1,24,1","3707764736,2,1,1,70,1",f8d0c6f89911980bf970360862591f22f0d3c21cab08052a75bc2460a26ca7ef,True,included
B1c24,B1,24,6C(40%)-3C,1017.0,1016,1.0769914,0.88046598,,True,False,False,0,0,True,True,2.0,3.5,1000,True,"3707764736,2,1,1,25,1","3707764736,2,1,1,71,1",7f1b872b7cfaa366a252f1d4cd9b4dc08480b64cdff969ab542bc8913d2701ca,True,included
B1c25,B1,25,6C(40%)-3C,854.0,853,1.0775747,0.88019997,,True,False,False,0,0,True,True,2.0,3.5,1000,True,"3707764736,2,1,1,26,1","3707764736,2,1,1,72,1",5021cb6bf74b6271328a6f621930e8e3b5a02a5609b63b59b53deeabbdc15634,True,included
B1c26,B1,26,6C(40%)-3.6C,870.0,869,1.0902194,0.88105017,,True,False,False,0,0,True,True,2.0,3.5,1000,True,"3707764736,2,1,1,27,1","3707764736,2,1,1,73,1",273e34a035343b0026a522105bd7ee1a7fdc75d43e0678e45882c34326b37ac0,True,included
B1c27,B1,27,6C(40%)-3.6C,842.0,841,1.0814734,0.88130057,,True,False,False,0,0,True,True,2.0,3.5,1000,True,"3707764736,2,1,1,28,1","3707764736,2,1,1,74,1",9043eb99d08986c907db062e91e2f52653723f609055d1a67192d6fe347d36ef,True,included
B1c28,B1,28,6C(50%)-3C,860.0,859,1.0804075,0.88058227,,True,False,False,0,0,True,True,2.0,3.5,1000,True,"3707764736,2,1,1,29,1","3707764736,2,1,1,75,1",b5eb64ccd4d88430b330368430f3d4626d37aac0c258f79609772224c99ae7da,True,included
B1c29,B1,29,6C(50%)-3C,917.0,916,1.082124,0.88035375,,True,False,False,0,0,True,True,2.0,3.5,1000,True,"3707764736,2,1,1,30,1","3707764736,2,1,1,76,1",6eaa10836d43aa0989c9abf65bd2304b024e6c611321275cdb58aff41db3c147,True,included
B1c30,B1,30,6C(50%)-3.6C,709.0,708,1.0825673,0.88054287,,True,False,False,0,0,True,True,2.0,3.5,1000,True,"3707764736,2,1,1,31,1","3707764736,2,1,1,77,1",7fb1ffb16572879987232e6d22911aed1eed67dee5d0fec3d5c27c7281be90d4,True,included
B1c31,B1,31,6C(50%)-3.6C,876.0,875,1.097481,0.88099223,,True,False,False,0,0,True,True,2.0,3.5,1000,True,"3707764736,2,1,1,32,1","3707764736,2,1,1,78,1",694a622f2e147a41676c95a8ea194052fab0bf9d64ce9abc734ba4129ce2aaef,True,included
B1c32,B1,32,6C(60%)-3C,731.0,730,1.0804064,0.88080907,,True,False,False,0,0,True,True,2.0,3.5,1000,True,"3707764736,2,1,1,33,1","3707764736,2,1,1,79,1",b399917556145e3db7ebff3e7e90ba6cae984553271e834e11a3f9fa1fe884c0,True,included
B1c33,B1,33,6C(60%)-3C,757.0,756,1.0955694,0.88011229,,True,False,False,0,0,True,True,2.0,3.5,1000,True,"3707764736,2,1,1,34,1","3707764736,2,1,1,80,1",08ef2831efec77d37b32b6aecb03478366ea5a1916ee008b3a883d0226da35ab,True,included
B1c34,B1,34,7C(30%)-3.6C,742.0,741,1.078815,0.88205445,,True,False,False,0,0,True,True,2.0,3.5,1000,True,"3707764736,2,1,1,35,1","3707764736,2,1,1,81,1",d4d73f5d2a69b5b5d3bc7ccd54c4f2b41dac526746cd344a670dd3c149b3596d,True,included
B1c35,B1,35,7C(30%)-3.6C,703.0,702,1.0735042,0.8802399,,True,False,False,0,0,True,True,2.0,3.5,1000,True,"3707764736,2,1,1,36,1","3707764736,2,1,1,82,1",dbff0381a03352ffe9c97854eac70cfef2f65a0acb8151ca3fe32f70924dd558,True,included
B1c36,B1,36,7C(40%)-3C,704.0,703,1.0807844,0.88231802,,True,False,False,0,0,True,True,2.0,3.5,1000,True,"3707764736,2,1,1,37,1","3707764736,2,1,1,83,1",f7c32030aea7c4a34a3389c62dd17bcb5e4dab5e4e8d6dd62121d4d748fe2efc,True,included
B1c37,B1,37,7C(40%)-3C,648.0,647,1.0774544,0.88336319,,True,False,False,0,0,True,True,2.0,3.5,1000,True,"3707764736,2,1,1,38,1","3707764736,2,1,1,84,1",2645f2adcd0d1d87826c3e311d20f74f057ce4ddecac5c5750a1450035e6e5d7,True,included
B1c38,B1,38,7C(40%)-3.6C,617.0,616,1.0752445,0.88110942,,True,False,False,0,0,True,True,2.0,3.5,1000,True,"3707764736,2,1,1,39,1","3707764736,2,1,1,85,1",7726d7f9c0bdd7c674fddc81b7610c8cac5a90ac9317566164928e1e66897790,True,included
B1c39,B1,39,7C(40%)-3.6C,625.0,624,1.0847878,0.88011074,,True,False,False,0,0,True,True,2.0,3.5,1000,True,"3707764736,2,1,1,40,1","3707764736,2,1,1,86,1",8c9a2ac7d25f901b75df6c1a27ee7b882f96186011d96e25cb6c2a593ac3c108,True,included
B1c40,B1,40,8C(15%)-3.6C,966.0,965,1.0863302,0.88060951,,True,False,False,0,0,True,True,2.0,3.5,1000,True,"3707764736,2,1,1,41,1","3707764736,2,1,1,87,1",cc525c29cd55f0ee667d7fa8b8a40a1f079cb0511a5749d04e31f1dedcc3f65e,True,included
B1c41,B1,41,8C(15%)-3.6C,1051.0,1050,1.0820209,0.88106161,,True,False,False,0,0,True,True,2.0,3.5,1000,True,"3707764736,2,1,1,42,1","3707764736,2,1,1,88,1",dd131c3b6a4fb7645f8a58b816118ddece0627da36e4f18ad73c81fc416c39f1,True,included
B1c42,B1,42,8C(25%)-3.6C,702.0,701,1.0829167,0.88035142,,True,False,False,0,0,True,True,2.0,3.5,1000,True,"3707764736,2,1,1,43,1","3707764736,2,1,1,89,1",2599fbd611b01b2086b144cef6face6c04aa164b7a2de98c9996678052624249,True,included
B1c43,B1,43,8C(25%)-3.6C,651.0,650,1.0708795,0.88044435,,True,False,False,0,0,True,True,2.0,3.5,1000,True,"3707764736,2,1,1,44,1","3707764736,2,1,1,90,1",6bb1187948c966d250edb57709d3bd6ed1ab9f021c8bd0e23745f52a9cc27b0b,True,included
B1c44,B1,44,8C(35%)-3.6C,616.0,615,1.0876219,0.88048309,,True,False,False,0,0,True,True,2.0,3.5,1000,True,"3707764736,2,1,1,45,1","3707764736,2,1,1,91,1",ddb4e334ffe31d300ecf3a52b34b291cc7dc7fe03c3febf7422efa4fbe6a8c81,True,included
B1c45,B1,45,8C(35%)-3.6C,599.0,598,1.0867909,0.88104212,,True,False,False,0,0,True,True,2.0,3.5,1000,True,"3707764736,2,1,1,46,1","3707764736,2,1,1,92,1",624130e08a24b824b9a738c5ae745f6e98d7053ca52a940a93ba1550b01127d4,True,included
B2c0,B2,0,5.2C(58%)-4C,477.0,496,1.1040769,0.82661337,477.0,False,True,True,0,0,True,True,2.0,3.5,1000,True,"3707764736,2,1,1,1,1","3707764736,2,1,1,48,1",3805853a1a666e2f8d66dd12fb195dcdaca837d3093a7ab8f3c94de40ce2215a,True,included
B2c1,B2,1,5.6C(26%)-4.5C,491.0,513,1.1065422,0.82848173,491.0,False,True,True,0,0,True,True,2.0,3.5,1000,True,"3707764736,2,1,1,2,1","3707764736,2,1,1,49,1",a61eb28eb19bf31b3ad553314fd87f7b3473fbfcae1219c2058ec313872eb6aa,True,included
B2c2,B2,2,5.2C(50%)-4.25C,424.0,439,1.0748364,0.82700932,424.0,False,True,True,0,0,True,True,2.0,3.5,1000,True,"3707764736,2,1,1,3,1","3707764736,2,1,1,50,1",a28232f7f6a8157a3a6c12d4adfab00bf79413343665cd0b239abffd2399c7ae,True,included
B2c3,B2,3,4.65C(44%)-5C,499.0,517,1.0983597,0.82550967,499.0,False,True,True,0,0,True,True,2.0,3.5,1000,True,"3707764736,2,1,1,4,1","3707764736,2,1,1,51,1",c103eade399be43a516c71fdd45f16c8ea5578f4cb5cbe251a342c8b01a84f2b,True,included
B2c4,B2,4,4.65C(69%)-6C,444.0,464,1.0893486,0.82712674,444.0,False,True,True,0,0,True,True,2.0,3.5,1000,True,"3707764736,2,1,1,5,1","3707764736,2,1,1,52,1",dea1ae4ce0eeb60d9575cc9a0108e71da03c909b4607a9d7196a9e2e0c010e76,True,included
B2c5,B2,5,3.6C(30%)-6C,416.0,445,1.0987128,0.8261537,416.0,False,True,True,0,0,True,True,2.0,3.5,1000,True,"3707764736,2,1,1,6,1","3707764736,2,1,1,53,1",24e004f4941a908ebd5c83b39b51ac87970cbe4d5811294a5d4e08636cecc560,True,included
B2c6,B2,6,3.6C(9%)-5C,393.0,409,1.0895009,0.82940364,393.0,False,True,True,0,0,True,True,2.0,3.5,1000,True,"3707764736,2,1,1,7,1","3707764736,2,1,1,54,1",7e59698a3b13b1c0428ac88526b48727463c77f3ffd78dd21598be214b516291,True,included
B2c7,B2,7,4.8C(80%)-4.8C-newstructure,777.0,806,1.0910656,0.8264814,777.0,False,True,True,0,0,True,True,2.0,3.5,1000,True,"3707764736,2,1,1,8,1","3707764736,2,1,1,55,1",29383acacad0b4a9b296a44bf61becdf3bff79edbf4dee0e78b4c059e6aa5a18,True,included
B2c8,B2,8,5.2C(58%)-4C-newstructure,904.0,947,1.0912212,0.8255862,904.0,False,True,True,0,0,True,True,2.0,3.5,1000,True,"3707764736,2,1,1,9,1","3707764736,2,1,1,56,1",faf5e479bb5c9dedbb73695d2d23b96ff271b7955584c7db63ab418b7992b4d5,True,included
B2c9,B2,9,5.6C(26%)-4.5C-newstructure,791.0,819,1.0979091,0.82610458,791.0,False,True,True,0,0,True,True,2.0,3.5,1000,True,"3707764736,2,1,1,10,1","3707764736,2,1,1,57,1",8446589db6adb1f475e1419465a30b07e271b6d4e409f6b107ef2a08b38dad4d,True,included
B2c10,B2,10,4.8C(80%)-4.8C,492.0,519,1.1100956,0.82791102,492.0,False,True,True,0,0,True,True,2.0,3.5,1000,True,"3707764736,2,1,1,11,1","3707764736,2,1,1,58,1",249e8c5ae8005ac90bb320e44b004a7cf550c3aedd4750124abf74d82f2ade17,True,included
B2c11,B2,11,5.2C(50%)-4.25C,449.0,468,1.0974864,0.82524824,449.0,False,True,True,0,0,True,True,2.0,3.5,1000,True,"3707764736,2,1,1,12,1","3707764736,2,1,1,59,1",46026df06b1328d968f816fde70a23dbd83cb3d7bd32580c638fcc603dd2275d,True,included
B2c12,B2,12,4.65C(44%)-5C,466.0,493,1.1027371,0.82528538,466.0,False,True,True,0,0,True,True,2.0,3.5,1000,True,"3707764736,2,1,1,13,1","3707764736,2,1,1,60,1",b52e188605845f177869e6a51d7f67756b608091dabf53a6a03783e13baacb55,True,included
B2c13,B2,13,4.65C(69%)-6C,460.0,483,1.0958422,0.82574999,460.0,False,True,True,0,0,True,True,2.0,3.5,1000,True,"3707764736,2,1,1,14,1","3707764736,2,1,1,61,1",cb1b2604935d62e686e9c831172bf8af90b4f90fa154e934ae866fa923fff3ba,True,included
B2c14,B2,14,3.6C(30%)-6C,426.0,461,1.0842229,0.82618046,426.0,False,True,True,0,0,True,True,2.0,3.5,1000,True,"3707764736,2,1,1,15,1","3707764736,2,1,1,62,1",ea7806eca9ab1eca97a4f5c05d9d4a6a617a893b1aa40de8f6021ae44c8a5211,True,included
B2c15,B2,15,3.6C(9%)-5C,396.0,414,1.0703146,0.82608759,396.0,False,True,True,0,0,True,True,2.0,3.5,1000,True,"3707764736,2,1,1,16,1","3707764736,2,1,1,63,1",a0b0592611a0139993944e227efffa210154a8a89e2597b3664d864013e16db8,True,included
B2c16,B2,16,4.8C(80%)-4.8C,472.0,499,1.0965556,0.82648873,472.0,False,True,True,0,0,True,True,2.0,3.5,1000,True,"3707764736,2,1,1,17,1","3707764736,2,1,1,64,1",fd4b4b74abbdf2b69a9f07defd7729f2785f081d146cb7ee364db76c80282229,True,included
B2c17,B2,17,5.6C(26%)-4.5C,471.0,494,1.0921801,0.8272146,471.0,False,True,True,0,0,True,True,2.0,3.5,1000,True,"3707764736,2,1,1,18,1","3707764736,2,1,1,65,1",7ef0f15e01fc22a4bcc870f3aa35101cf41f778572771f6bbdcec276fea6037d,True,included
B2c18,B2,18,5.2C(50%)-4.25C,449.0,467,1.0772347,0.82719898,449.0,False,True,True,0,0,True,True,2.0,3.5,1000,True,"3707764736,2,1,1,19,1","3707764736,2,1,1,66,1",ff92f657a1aa09ca099e69954db918f1d51d57a825b72e7620627f7c61251e0a,True,included
B2c19,B2,19,6C(60%)-3C,392.0,411,1.0926902,0.82597393,392.0,False,True,True,0,0,True,True,2.0,3.5,1000,True,"3707764736,2,1,1,20,1","3707764736,2,1,1,67,1",abf7fc61c05f02cc92a4000aa0bbd6f1bd1bcd09f279610aef5e3309a4d0b3b6,True,included
B2c20,B2,20,5.2C(58%)-4C,489.0,506,1.0988334,0.82856864,489.0,False,True,True,0,0,True,True,2.0,3.5,1000,True,"3707764736,2,1,1,21,1","3707764736,2,1,1,68,1",e4c6f28099e22e72e61fddbec6327e299491825937e3f670b4622d02b5b66ca3,True,included
B2c21,B2,21,6C(60%)-3C,408.0,426,1.1005412,0.82783753,408.0,False,True,True,0,0,True,True,2.0,3.5,1000,True,"3707764736,2,1,1,22,1","3707764736,2,1,1,69,1",f56b739b332464e760cc63c06d18c8ed2c9c9be66beadc69219829662a38f09c,True,included
B2c22,B2,22,VarCharge-2C-100cycles,,920,1.0928936,1.0556005,,False,False,False,1,1,True,True,2.0,3.5,1000,False,"3707764736,2,1,1,23,1","3707764736,2,1,1,70,1",8be8c2cb9c221e7cdc2973e60dfcfafb06fada5b958f3354ec4eb4aa0a64b8a8,False,missing_or_invalid_target
B2c23,B2,23,VarCharge-4C-100cycles,,1152,1.0912741,0.97824305,,False,False,False,1,1,True,True,2.0,3.5,1000,False,"3707764736,2,1,1,24,1","3707764736,2,1,1,71,1",ec8a80c7241578b44d206309521172fe7e2d816662bfc5ab4385eadc9978e634,False,missing_or_invalid_target
B2c24,B2,24,4.8C(80%)-4.8C,514.0,536,1.0941064,0.82615805,514.0,False,True,True,0,0,True,True,2.0,3.5,1000,True,"3707764736,2,1,1,25,1","3707764736,2,1,1,72,1",2e324431054a7deec1f933d9571e6df5134dd4c51c9710b600b321507c4824e6,True,included
B2c25,B2,25,5.2C(58%)-4C,493.0,511,1.1001149,0.82751423,493.0,False,True,True,0,0,True,True,2.0,3.5,1000,True,"3707764736,2,1,1,26,1","3707764736,2,1,1,73,1",744554cd7862b5ba14f4261b1c9d957f4ed230037f0604e2a53c606c62597342,True,included
B2c26,B2,26,5.6C(26%)-4.5C,450.0,476,1.1055447,0.82529837,450.0,False,True,True,0,0,True,True,2.0,3.5,1000,True,"3707764736,2,1,1,27,1","3707764736,2,1,1,74,1",06ee0cfbb4fa7b05f1a059f5744eaca23d7bf9a2ce74eaede957effd56adeaf5,True,included
B2c27,B2,27,5.2C(50%)-4.25C,474.0,493,1.0951403,0.8266983,474.0,False,True,True,0,0,True,True,2.0,3.5,1000,True,"3707764736,2,1,1,28,1","3707764736,2,1,1,75,1",3ed15c6355a607e9296fb0849484a8940d141771620e35f3c3f4897ad4821c95,True,included
B2c28,B2,28,4.8C(80%)-4.8C,437.0,456,1.0921518,0.82741743,437.0,False,True,True,0,0,True,True,2.0,3.5,1000,True,"3707764736,2,1,1,29,1","3707764736,2,1,1,76,1",2799282848b724330c03fd495dc2564243ad3826ff6757d1ed20f01c2aebea26,True,included
B2c29,B2,29,5.2C(58%)-4C,452.0,470,1.1035252,0.82541627,452.0,False,True,True,0,0,True,True,2.0,3.5,1000,True,"3707764736,2,1,1,30,1","3707764736,2,1,1,77,1",9d502b365bbea23ac1875877fd92a5d9d620a315a66ce8d2b2ca079ed0c1922d,True,included
B2c30,B2,30,5.6C(26%)-4.5C,412.0,429,1.0962735,0.82665932,412.0,False,True,True,0,0,True,True,2.0,3.5,1000,True,"3707764736,2,1,1,31,1","3707764736,2,1,1,78,1",cc50d75acc47c391d57c54439df0a77f4ca89767332d625bd20a806aa874815b,True,included
B2c31,B2,31,5.6C(26%)-4.5C,425.0,446,1.0990947,0.82528561,425.0,False,True,True,0,0,True,True,2.0,3.5,1000,True,"3707764736,2,1,1,32,1","3707764736,2,1,1,79,1",bf0a2a8bfdcb584001560449dc2cc3a400cf38cfcca5b4e686a449fda5b8af24,True,included
B2c32,B2,32,4.8C(80%)-4.8C-newstructure,809.0,834,1.0897303,0.82744044,809.0,False,True,True,0,0,True,True,2.0,3.5,1000,True,"3707764736,2,1,1,33,1","3707764736,2,1,1,80,1",6380d766328b17b917030a094e594f4d84b32ad6b77e81fffad85a17f48f74a9,True,included
B2c33,B2,33,5.2C(58%)-4C-newstructure,1140.0,1190,1.0742047,0.82506907,1140.0,False,True,True,0,0,True,True,2.0,3.5,1000,True,"3707764736,2,1,1,34,1","3707764736,2,1,1,81,1",034f5138a993338561a7b5096211524ee5ec985ed419e0ef1a880d2672e2c6eb,True,included
B2c34,B2,34,5.6C(26%)-4.5C-newstructure,1186.0,1252,1.0681121,0.82562441,1186.0,False,True,True,0,0,True,True,2.0,3.5,1000,True,"3707764736,2,1,1,35,1","3707764736,2,1,1,82,1",94a4a33efbf004d2855a4c61f29bde5d1d9e0130557e734017163e248f048620,True,included
B2c35,B2,35,VarCharge-6C-100cycles,,423,1.0676682,0.88112044,,False,False,False,1,1,True,True,2.0,3.5,1000,False,"3707764736,2,1,1,36,1","3707764736,2,1,1,83,1",b60ae75b96ae1b84935bdb87f414678e2f25661ff7a9fb895311291c1cd926fc,False,missing_or_invalid_target
B2c36,B2,36,VarCharge-8C-100cycles,,280,1.0693724,0.88107425,,False,False,False,1,1,True,True,2.0,3.5,1000,False,"3707764736,2,1,1,37,1","3707764736,2,1,1,84,1",cf663776daa65577b6486b3344bb581f8feb4890152bacee8c97ae48d4df8509,False,missing_or_invalid_target
B2c37,B2,37,3.6C(80%)-3.6C(SLOWCYCLE,,101,1.0845034,2.1693008,,False,False,False,1,1,True,True,2.0,3.5,1000,True,"3707764736,2,1,1,38,1","3707764736,2,1,1,85,1",fe6a7a66b6a2b463ad58a9f9080cba87196833ca6bc6c0dbb0c4f3752a69340c,False,missing_or_invalid_target
B2c38,B2,38,4.8C(80%)-4.8C(SLOWCYCLE,,101,1.0853578,2.1653843,,False,False,False,1,1,True,True,2.0,3.5,1000,True,"3707764736,2,1,1,39,1","3707764736,2,1,1,86,1",303da81aad075e8dade175360c2570de723b33828b398170862faadb9f25b947,False,missing_or_invalid_target
B2c39,B2,39,3.6C(9%)-5C(SLOWCYCLE,,434,1.0733504,0.88120419,,False,False,False,1,1,True,True,2.0,3.5,1000,True,"3707764736,2,1,1,40,1","3707764736,2,1,1,87,1",7a418d5b68953a82fc799ac048511b9c013bd026b0ce5dbb000fc376bcf89632,False,missing_or_invalid_target
B2c40,B2,40,5.2C(58%)-4C(SLOWCYCLE,,459,1.0852251,0.88021344,,False,False,False,1,1,True,True,2.0,3.5,1000,True,"3707764736,2,1,1,41,1","3707764736,2,1,1,88,1",12291a438e5f2dbc2e16eab209f9af655b858c3d8142d31d6e15c11c871492a4,False,missing_or_invalid_target
B2c41,B2,41,5.6C(26%)-4.5C,442.0,463,1.1055639,0.82606894,442.0,False,True,True,0,0,True,True,2.0,3.5,1000,True,"3707764736,2,1,1,42,1","3707764736,2,1,1,89,1",7fd86591606ff97deb023c6b2deea2e61483d24003431e4c6aca54f1d07af8bb,True,included
B2c42,B2,42,5.2C(50%)-4.25C,474.0,497,1.1036506,0.82577723,474.0,False,True,True,0,0,True,True,2.0,3.5,1000,True,"3707764736,2,1,1,43,1","3707764736,2,1,1,90,1",8273c74c356e2d753ef8aaf4632e9eedccafb8c58b7cfbd052d384a02be0e6ac,True,included
B2c43,B2,43,4.8C(80%)-4.8C-newstructure,1029.0,1061,1.1010081,0.82532436,1029.0,False,True,True,0,0,True,True,2.0,3.5,1000,True,"3707764736,2,1,1,44,1","3707764736,2,1,1,91,1",bcba750a687abf0dac706e959df66252ecc272120dc797bc6d5f4abf1d49d10e,True,included
B2c44,B2,44,5.2C(58%)-4C-newstructure,841.0,874,1.0982679,0.82503617,841.0,False,True,True,0,0,True,True,2.0,3.5,1000,True,"3707764736,2,1,1,45,1","3707764736,2,1,1,92,1",5e911ccae2eda640a2d5f73a48bee4d925ed367b04fe353e937705bb0975f03d,True,included
B2c45,B2,45,5.6C(26%)-4.5C-newstructure,997.0,1027,1.1035562,0.82734823,997.0,False,True,True,0,0,True,True,2.0,3.5,1000,True,"3707764736,2,1,1,46,1","3707764736,2,1,1,93,1",836f900e0ed5deec93029cee3135da7cba383501a48f48094e952bc5c164b347,True,included
B2c46,B2,46,4.8C(80%)-4.8C,503.0,523,1.1018363,0.82638663,503.0,False,True,True,0,0,True,True,2.0,3.5,1000,True,"3707764736,2,1,1,47,1","3707764736,2,1,1,94,1",819efc1105d9ba3cafb9137288bfef9921da0338f13d220438b9da6ee4a6fe33,True,included
