candidate_id,fold,train_cells,valid_cells,MAPE_pct,transformed_features
C000,1,29,7,19.13920630629562,1
C000,2,28,8,20.900857831187633,1
C000,3,28,8,10.726508407299265,1
C000,4,29,7,14.15330819221158,1
C000,5,30,6,4.900665118983849,1
C001,1,29,7,12.145037111163337,1
C001,2,28,8,12.81478112083192,1
C001,3,28,8,10.00452809862859,1
C001,4,29,7,9.303050539012805,1
C001,5,30,6,5.640030703854024,1
C002,1,29,7,17.270657546194737,1
C002,2,28,8,12.582184443498583,1
C002,3,28,8,9.90851316924844,1
C002,4,29,7,9.794155066540254,1
C002,5,30,6,6.354555109767503,1
C003,1,29,7,12.087421731511583,1
C003,2,28,8,12.843420264498901,1
C003,3,28,8,10.006829484160223,1
C003,4,29,7,9.31283088176717,1
C003,5,30,6,5.6273083247558455,1
C004,1,29,7,17.17083411337914,1
C004,2,28,8,12.609840820364166,1
C004,3,28,8,9.910307782149113,1
C004,4,29,7,9.801638644918246,1
C004,5,30,6,6.343902179814726,1
C005,1,29,7,11.530281010279163,1
C005,2,28,8,13.120034890054818,1
C005,3,28,8,10.029057694070916,1
C005,4,29,7,9.407406796201863,1
C005,5,30,6,5.504147487098994,1
C006,1,29,7,16.21508790079554,1
C006,2,28,8,12.876844357641327,1
C006,3,28,8,9.92769837904468,1
C006,4,29,7,9.874267165768531,1
C006,5,30,6,6.240678653672139,1
C007,1,29,7,7.37315409031414,1
C007,2,28,8,15.165527252718347,1
C007,3,28,8,10.193429456831566,1
C007,4,29,7,10.582524924416457,1
C007,5,30,6,4.577362183731147,1
C008,1,29,7,9.646941638292992,1
C008,2,28,8,14.845222670329882,1
C008,3,28,8,10.059548900328362,1
C008,4,29,7,10.53596086852193,1
C008,5,30,6,5.458279640058239,1
C009,1,29,7,12.931181145634362,1
C009,2,28,8,20.12096629621565,1
C009,3,28,8,10.892810081235528,1
C009,4,29,7,14.547768405677392,1
C009,5,30,6,3.092549308213356,1
C010,1,29,7,13.264689579969117,1
C010,2,28,8,19.290777535052776,1
C010,3,28,8,10.380237151885993,1
C010,4,29,7,13.508166283546,1
C010,5,30,6,4.214585300884074,1
C011,1,29,7,20.99694195972367,2
C011,2,28,8,13.393023970942505,2
C011,3,28,8,10.204302350042523,2
C011,4,29,7,9.3429559188452,2
C011,5,30,6,5.795312173113118,2
C012,1,29,7,29.332764739639355,2
C012,2,28,8,13.450216395450553,2
C012,3,28,8,10.259580716191277,2
C012,4,29,7,9.853386442555331,2
C012,5,30,6,6.6146780294408,2
C013,1,29,7,20.7781548512355,2
C013,2,28,8,13.426805214108976,2
C013,3,28,8,10.21577991347974,2
C013,4,29,7,9.353902407299277,2
C013,5,30,6,5.789229020989248,2
C014,1,29,7,28.970757171006046,2
C014,2,28,8,13.480672323531257,2
C014,3,28,8,10.269441966807033,2
C014,4,29,7,9.861523447802611,2
C014,5,30,6,6.609112586886111,2
C015,1,29,7,18.785345602828205,2
C015,2,28,8,13.74802093658259,2
C015,3,28,8,10.321272108881512,2
C015,4,29,7,9.502399960000364,2
C015,5,30,6,5.728069910048803,2
C016,1,29,7,25.737287876718824,2
C016,2,28,8,13.770616950351828,2
C016,3,28,8,10.359855544910504,2
C016,4,29,7,9.939526604548561,2
C016,5,30,6,6.553325680259657,2
C017,1,29,7,8.567733581430568,2
C017,2,28,8,15.895912938883573,2
C017,3,28,8,10.853450415496816,2
C017,4,29,7,10.82307693963196,2
C017,5,30,6,5.1432171013125565,2
C018,1,29,7,10.821008488273124,2
C018,2,28,8,15.723142784178137,2
C018,3,28,8,10.801985217973927,2
C018,4,29,7,10.573115392895826,2
C018,5,30,6,6.0278502687370334,2
C019,1,29,7,12.274898201065456,2
C019,2,28,8,20.038089420279313,2
C019,3,28,8,11.300819573362872,2
C019,4,29,7,14.314262535052777,2
C019,5,30,6,3.4380356745458647,2
C020,1,29,7,12.662512164447751,2
C020,2,28,8,19.53678855921029,2
C020,3,28,8,10.81601543694218,2
C020,4,29,7,13.03286225591446,2
C020,5,30,6,4.286707560406723,2
C021,1,29,7,21.41314087038407,4
C021,2,28,8,19.39228885636987,4
C021,3,28,8,15.89837545315872,4
C021,4,29,7,10.192241203645978,4
C021,5,30,6,6.262590984815153,4
C022,1,29,7,29.465028074291972,4
C022,2,28,8,20.19755057912052,4
C022,3,28,8,16.14012027887276,4
C022,4,29,7,10.521015720133306,4
C022,5,30,6,6.6234584125329,4
C023,1,29,7,21.189580133242757,4
C023,2,28,8,19.402682391129982,4
C023,3,28,8,15.851686376672358,4
C023,4,29,7,10.211251466514163,4
C023,5,30,6,6.247684083023994,4
C024,1,29,7,29.08657911744349,4
C024,2,28,8,20.207840682452417,4
C024,3,28,8,16.08464786398725,4
C024,4,29,7,10.531738229066644,4
C024,5,30,6,6.623958676219472,4
C025,1,29,7,19.18763265761701,4
C025,2,28,8,19.485405944958977,4
C025,3,28,8,15.424018177165161,4
C025,4,29,7,10.378075542950613,4
C025,5,30,6,6.10803685814404,4
C026,1,29,7,25.771681054469802,4
C026,2,28,8,20.28555071371262,4
C026,3,28,8,15.581477671513067,4
C026,4,29,7,10.625906238119146,4
C026,5,30,6,6.678661636541153,4
C027,1,29,7,9.594659140582376,4
C027,2,28,8,19.621127129648347,4
C027,3,28,8,13.143754828564541,4
C027,4,29,7,11.0981548464998,4
C027,5,30,6,5.829034884817959,4
C028,1,29,7,11.567731222715002,4
C028,2,28,8,20.225601996513944,4
C028,3,28,8,13.25199042457888,4
C028,4,29,7,11.0744543596047,4
C028,5,30,6,6.916867314690241,4
C029,1,29,7,11.837703551952323,4
C029,2,28,8,20.357124015348326,4
C029,3,28,8,11.193446587138775,4
C029,4,29,7,12.820361717168725,4
C029,5,30,6,3.599462838144909,4
C030,1,29,7,12.010532865900615,4
C030,2,28,8,20.10894274959118,4
C030,3,28,8,10.702936177831385,4
C030,4,29,7,12.253306484358959,4
C030,5,30,6,5.364831784683136,4
C031,1,29,7,20.941144272673505,6
C031,2,28,8,19.46258132504938,6
C031,3,28,8,25.292222216745103,6
C031,4,29,7,14.784439822286924,6
C031,5,30,6,6.567448182183387,6
C032,1,29,7,29.346346181672082,6
C032,2,28,8,19.9632945944883,6
C032,3,28,8,26.658029290511205,6
C032,4,29,7,15.57369822065434,6
C032,5,30,6,6.961238977325175,6
C033,1,29,7,20.72063105288349,6
C033,2,28,8,19.489900934553564,6
C033,3,28,8,25.27112523484477,6
C033,4,29,7,14.702270010822929,6
C033,5,30,6,6.552110175132983,6
C034,1,29,7,28.966288812439185,6
C034,2,28,8,19.995483693624987,6
C034,3,28,8,26.59361074902784,6
C034,4,29,7,15.48821948052673,6
C034,5,30,6,6.961459098835259,6
C035,1,29,7,18.755224425167796,6
C035,2,28,8,19.689748294089263,6
C035,3,28,8,25.012463978908283,6
C035,4,29,7,14.005075408972855,6
C035,5,30,6,6.413944202635283,6
C036,1,29,7,25.652912654801625,6
C036,2,28,8,20.236079600415373,6
C036,3,28,8,25.98409989710186,6
C036,4,29,7,14.752429364625339,6
C036,5,30,6,6.960263595797973,6
C037,1,29,7,9.514794463721358,6
C037,2,28,8,19.703479956308705,6
C037,3,28,8,22.316297871697145,6
C037,4,29,7,11.571124579903882,6
C037,5,30,6,6.035203237513076,6
C038,1,29,7,11.709240947379715,6
C038,2,28,8,20.27056506502457,6
C038,3,28,8,22.20432883780063,6
C038,4,29,7,12.022267363691922,6
C038,5,30,6,7.0998884997344245,6
C039,1,29,7,11.47142697606861,6
C039,2,28,8,19.70545290702659,6
C039,3,28,8,15.187114589817895,6
C039,4,29,7,12.13138239869499,6
C039,5,30,6,3.9588553685849006,6
C040,1,29,7,11.516553639194688,6
C040,2,28,8,19.537473388344694,6
C040,3,28,8,14.787089836907915,6
C040,4,29,7,11.696951422953905,6
C040,5,30,6,5.58958943822768,6
C041,1,29,7,49.332267703012874,9
C041,2,28,8,17.843722942980826,9
C041,3,28,8,23.082814452504635,9
C041,4,29,7,16.806607418213044,9
C041,5,30,6,3.1396188236950984,9
C042,1,29,7,38.363567724456395,9
C042,2,28,8,18.216685744244064,9
C042,3,28,8,24.908170848962584,9
C042,4,29,7,15.890491876419949,9
C042,5,30,6,3.501210109804754,9
C043,1,29,7,49.005750133390606,9
C043,2,28,8,17.898225247003808,9
C043,3,28,8,23.06062093305745,9
C043,4,29,7,16.574403115090437,9
C043,5,30,6,3.133467080389728,9
C044,1,29,7,37.99139465521794,9
C044,2,28,8,18.301658138477524,9
C044,3,28,8,24.79338191821049,9
C044,4,29,7,15.809080350531884,9
C044,5,30,6,3.4975927374397537,9
C045,1,29,7,46.13045365488492,9
C045,2,28,8,18.184818068469355,9
C045,3,28,8,22.813979352038228,9
C045,4,29,7,15.127912755755728,9
C045,5,30,6,3.0921035509757386,9
C046,1,29,7,34.817043483082614,9
C046,2,28,8,18.74920638750868,9
C046,3,28,8,23.90717023289739,9
C046,4,29,7,15.140279238065887,9
C046,5,30,6,3.493781844619473,9
C047,1,29,7,29.99867884928381,9
C047,2,28,8,18.311841525228484,9
C047,3,28,8,20.917702243444907,9
C047,4,29,7,12.37726247491767,9
C047,5,30,6,3.4972690808517766,9
C048,1,29,7,20.745556476261346,9
C048,2,28,8,18.804767067096435,9
C048,3,28,8,20.701164615210523,9
C048,4,29,7,12.717971459975539,9
C048,5,30,6,4.3497590108252275,9
C049,1,29,7,10.227850923263457,9
C049,2,28,8,19.575432810715306,9
C049,3,28,8,15.160235590676518,9
C049,4,29,7,12.167504589998797,9
C049,5,30,6,3.647842148697744,9
C050,1,29,7,9.794912550262795,9
C050,2,28,8,19.38531303136747,9
C050,3,28,8,14.7247666221152,9
C050,4,29,7,11.96740886261723,9
C050,5,30,6,5.069061466854899,9
C051,1,29,7,21.41314087038407,4
C051,2,28,8,19.39228885636987,4
C051,3,28,8,15.89837545315872,4
C051,4,29,7,10.192241203645978,4
C051,5,30,6,6.262590984815153,4
C052,1,29,7,29.465028074291972,4
C052,2,28,8,20.19755057912052,4
C052,3,28,8,16.14012027887276,4
C052,4,29,7,10.521015720133306,4
C052,5,30,6,6.6234584125329,4
C053,1,29,7,21.189580133242757,4
C053,2,28,8,19.402682391129982,4
C053,3,28,8,15.851686376672358,4
C053,4,29,7,10.211251466514163,4
C053,5,30,6,6.247684083023994,4
C054,1,29,7,29.08657911744349,4
C054,2,28,8,20.207840682452417,4
C054,3,28,8,16.08464786398725,4
C054,4,29,7,10.531738229066644,4
C054,5,30,6,6.623958676219472,4
C055,1,29,7,19.18763265761701,4
C055,2,28,8,19.485405944958977,4
C055,3,28,8,15.424018177165161,4
C055,4,29,7,10.378075542950613,4
C055,5,30,6,6.10803685814404,4
C056,1,29,7,25.771681054469802,4
C056,2,28,8,20.28555071371262,4
C056,3,28,8,15.581477671513067,4
C056,4,29,7,10.625906238119146,4
C056,5,30,6,6.678661636541153,4
C057,1,29,7,9.594659140582376,4
C057,2,28,8,19.621127129648347,4
C057,3,28,8,13.143754828564541,4
C057,4,29,7,11.0981548464998,4
C057,5,30,6,5.829034884817959,4
C058,1,29,7,11.567731222715002,4
C058,2,28,8,20.225601996513944,4
C058,3,28,8,13.25199042457888,4
C058,4,29,7,11.0744543596047,4
C058,5,30,6,6.916867314690241,4
C059,1,29,7,11.837703551952323,4
C059,2,28,8,20.357124015348326,4
C059,3,28,8,11.193446587138775,4
C059,4,29,7,12.820361717168725,4
C059,5,30,6,3.599462838144909,4
C060,1,29,7,12.010532865900615,4
C060,2,28,8,20.10894274959118,4
C060,3,28,8,10.702936177831385,4
C060,4,29,7,12.253306484358959,4
C060,5,30,6,5.364831784683136,4
C061,1,29,7,7.605056448924992,19
C061,2,28,8,15.143466204982015,18
C061,3,28,8,15.708392828738516,18
C061,4,29,7,12.840841895587582,18
C061,5,30,6,7.27308946710868,19
C062,1,29,7,6.359627425268006,19
C062,2,28,8,15.175569273202441,18
C062,3,28,8,16.99203680479559,18
C062,4,29,7,12.398519738880266,18
C062,5,30,6,8.553651328428373,19
C063,1,29,7,4.34352414990402,19
C063,2,28,8,16.046434503190135,18
C063,3,28,8,16.010272129458798,18
C063,4,29,7,12.395786424163791,18
C063,5,30,6,7.238315259897401,19
C064,1,29,7,4.781012003514434,19
C064,2,28,8,16.068269636879247,18
C064,3,28,8,17.027868694983063,18
C064,4,29,7,12.013210057281578,18
C064,5,30,6,8.352867655045944,19
C065,1,29,7,12.126408834552196,19
C065,2,28,8,18.662520634212683,18
C065,3,28,8,15.160475940788176,18
C065,4,29,7,11.070335489708372,18
C065,5,30,6,6.411595233956517,19
C066,1,29,7,15.110652938312402,19
C066,2,28,8,19.191655993418628,18
C066,3,28,8,15.55960889282132,18
C066,4,29,7,11.128536916205164,18
C066,5,30,6,7.30788847273897,19
C067,1,29,7,8.413329322746902,19
C067,2,28,8,19.60677191678018,18
C067,3,28,8,12.940109548342729,18
C067,4,29,7,11.203969111480577,18
C067,5,30,6,5.7957184213124435,19
C068,1,29,7,10.004116179067191,19
C068,2,28,8,20.134013002648665,18
C068,3,28,8,13.074333650497014,18
C068,4,29,7,11.163384758248828,18
C068,5,30,6,6.934054601675658,19
C069,1,29,7,11.922720934447014,19
C069,2,28,8,20.372653243046372,18
C069,3,28,8,11.193999970930378,18
C069,4,29,7,12.845775481144361,18
C069,5,30,6,3.5901890371486003,19
C070,1,29,7,12.099994513678158,19
C070,2,28,8,20.118281878709567,18
C070,3,28,8,10.69939881362567,18
C070,4,29,7,12.279017744210034,18
C070,5,30,6,5.356402658538619,19
C071,1,29,7,17.154049701224036,8
C071,2,28,8,17.390833753600187,8
C071,3,28,8,13.657170204339703,8
C071,4,29,7,9.00734239414487,8
C071,5,30,6,5.329261001512964,8
C072,1,29,7,18.735653277248858,8
C072,2,28,8,16.67518933727994,8
C072,3,28,8,13.375237877583748,8
C072,4,29,7,9.168372566787975,8
C072,5,30,6,5.724504001187116,8
C073,1,29,7,16.72672122255435,8
C073,2,28,8,17.260892154742663,8
C073,3,28,8,13.685829092915252,8
C073,4,29,7,9.068093978688772,8
C073,5,30,6,5.527699744693675,8
C074,1,29,7,18.813377204961995,8
C074,2,28,8,16.68115053461463,8
C074,3,28,8,13.502829537435185,8
C074,4,29,7,9.29477653579036,8
C074,5,30,6,5.931892949267054,8
C075,1,29,7,16.70492089160257,8
C075,2,28,8,17.191072547839056,8
C075,3,28,8,13.374585423545094,8
C075,4,29,7,9.1347210928207,8
C075,5,30,6,6.0395776611475664,8
C076,1,29,7,19.636063827987158,8
C076,2,28,8,17.317669155448183,8
C076,3,28,8,13.560980602808343,8
C076,4,29,7,9.527877252430281,8
C076,5,30,6,6.435763433525672,8
C077,1,29,7,10.290384178577481,8
C077,2,28,8,16.337006737168245,8
C077,3,28,8,12.01135900552179,8
C077,4,29,7,9.792702783401094,8
C077,5,30,6,5.972629747717922,8
C078,1,29,7,12.074716380842307,8
C078,2,28,8,16.90901180083037,8
C078,3,28,8,12.305822899832068,8
C078,4,29,7,9.911998244708387,8
C078,5,30,6,6.540548933709546,8
C079,1,29,7,8.398856051487972,8
C079,2,28,8,17.12170966537751,8
C079,3,28,8,10.959110631557168,8
C079,4,29,7,11.261999758516815,8
C079,5,30,6,4.377857705464893,8
C080,1,29,7,8.15591178902709,8
C080,2,28,8,17.09077507795205,8
C080,3,28,8,10.797556102391164,8
C080,4,29,7,10.839234066401023,8
C080,5,30,6,5.520358033586705,8
C081,1,29,7,20.86855938433119,4
C081,2,28,8,19.415725299485974,4
C081,3,28,8,15.787683333180585,4
C081,4,29,7,10.238288892534918,4
C081,5,30,6,6.224590434305202,4
C082,1,29,7,26.383023161834192,4
C082,2,28,8,19.703846314381703,4
C082,3,28,8,15.161174153647769,4
C082,4,29,7,10.515442602123363,4
C082,5,30,6,6.61307285578332,4
C083,1,29,7,21.287046509651493,4
C083,2,28,8,19.395386000918556,4
C083,3,28,8,15.870619706334871,4
C083,4,29,7,10.202466606691125,4
C083,5,30,6,6.2531956803707685,4
C084,1,29,7,21.108954664824715,4
C084,2,28,8,18.117817760032633,4
C084,3,28,8,13.202704025416695,4
C084,4,29,7,10.430471010764775,4
C084,5,30,6,6.466757180934514,4
C085,1,29,7,16.83476222768254,4
C085,2,28,8,19.54898557692083,4
C085,3,28,8,14.922954102155511,4
C085,4,29,7,10.565384627444763,4
C085,5,30,6,5.963306617271094,4
C086,1,29,7,10.937888752156642,4
C086,2,28,8,18.212446343023576,4
C086,3,28,8,11.45825537800266,4
C086,4,29,7,10.63585031295744,4
C086,5,30,6,6.016716607647074,4
C087,1,29,7,20.013217176515006,4
C087,2,28,8,19.427173222879134,4
C087,3,28,8,15.588792294469162,4
C087,4,29,7,10.305227332111306,4
C087,5,30,6,6.157578704039193,4
C088,1,29,7,8.179275777084111,4
C088,2,28,8,18.03172284804318,4
C088,3,28,8,10.204730798694946,4
C088,4,29,7,11.986470625268183,4
C088,5,30,6,4.786161829364782,4
C089,1,29,7,6.081711948390816,4
C089,2,28,8,19.662805061910515,4
C089,3,28,8,11.966297588115204,4
C089,4,29,7,11.43257827995919,4
C089,5,30,6,5.273366753144977,4
C090,1,29,7,19.304723663879827,4
C090,2,28,8,21.67764491296036,4
C090,3,28,8,10.971497789600473,4
C090,4,29,7,15.434459924485356,4
C090,5,30,6,4.270899298843758,4
C091,1,29,7,12.282400866921384,4
C091,2,28,8,19.45769254328814,4
C091,3,28,8,13.723844927566864,4
C091,4,29,7,10.875669650260354,4
C091,5,30,6,5.898153825886132,4
C092,1,29,7,19.304723663879827,4
C092,2,28,8,21.67764491296036,4
C092,3,28,8,10.971497789600473,4
C092,4,29,7,15.434459924485356,4
C092,5,30,6,4.270899298843758,4
C093,1,29,7,20.404314819936204,6
C093,2,28,8,19.524382236391624,6
C093,3,28,8,25.239197084974464,6
C093,4,29,7,14.585174388392538,6
C093,5,30,6,6.528580938672654,6
C094,1,29,7,26.244376380340046,6
C094,2,28,8,19.54338092922724,6
C094,3,28,8,25.56529376516342,6
C094,4,29,7,14.344715620905415,6
C094,5,30,6,6.887328602381359,6
C095,1,29,7,20.816528914069014,6
C095,2,28,8,19.47431815778521,6
C095,3,28,8,25.277643713184027,6
C095,4,29,7,14.735350992211153,6
C095,5,30,6,6.557757837197387,6
C096,1,29,7,21.108954664824715,6
C096,2,28,8,18.054518874526217,6
C096,3,28,8,22.8765005372929,6
C096,4,29,7,11.435835949753685,6
C096,5,30,6,6.52239336295687,6
C097,1,29,7,16.46673140772939,6
C097,2,28,8,19.81651066176338,6
C097,3,28,8,24.58711201072043,6
C097,4,29,7,13.265188377206853,6
C097,5,30,6,6.277230450844081,6
C098,1,29,7,10.937888752156642,6
C098,2,28,8,18.212446343023576,6
C098,3,28,8,19.567630856689906,6
C098,4,29,7,10.63585031295744,6
C098,5,30,6,6.016716607647074,6
C099,1,29,7,19.561654874077856,6
C099,2,28,8,19.582660924088895,6
C099,3,28,8,25.108921102339686,6
C099,4,29,7,14.259042244576195,6
C099,5,30,6,6.461395962653284,6
C100,1,29,7,8.179275777084111,6
C100,2,28,8,18.03172284804318,6
C100,3,28,8,12.377662953976543,6
C100,4,29,7,11.986470625268183,6
C100,5,30,6,4.786161829364782,6
C101,1,29,7,6.098170019170268,6
C101,2,28,8,19.398783310042468,6
C101,3,28,8,20.056538453204933,6
C101,4,29,7,11.02380724659592,6
C101,5,30,6,5.532497059294986,6
C102,1,29,7,19.304723663879827,6
C102,2,28,8,21.67764491296036,6
C102,3,28,8,10.971497789600473,6
C102,4,29,7,15.434459924485356,6
C102,5,30,6,4.270899298843758,6
C103,1,29,7,12.15757829330111,6
C103,2,28,8,19.63560641257977,6
C103,3,28,8,23.199643518088493,6
C103,4,29,7,11.98735472471578,6
C103,5,30,6,6.11595073914318,6
C104,1,29,7,19.304723663879827,6
C104,2,28,8,21.67764491296036,6
C104,3,28,8,10.971497789600473,6
C104,4,29,7,15.434459924485356,6
C104,5,30,6,4.270899298843758,6
C105,1,29,7,48.53625689842178,9
C105,2,28,8,17.96097585534968,9
C105,3,28,8,23.02752906733779,9
C105,4,29,7,16.26249548062783,9
C105,5,30,6,3.1250022881244086,9
C106,1,29,7,34.16747265625527,9
C106,2,28,8,17.289632809050122,9
C106,3,28,8,23.488222307850652,9
C106,4,29,7,14.918954429945055,9
C106,5,30,6,3.646770046557795,9
C107,1,29,7,49.1336822637216,9
C107,2,28,8,17.86781152063134,9
C107,3,28,8,23.06665012379912,9
C107,4,29,7,16.670152844234153,9
C107,5,30,6,3.136771452012103,9
C108,1,29,7,27.57306712413079,9
C108,2,28,8,15.96044597902255,9
C108,3,28,8,20.155527530426543,9
C108,4,29,7,13.488760811606276,9
C108,5,30,6,4.144645442686615,9
C109,1,29,7,42.70122107707205,9
C109,2,28,8,18.278798267542914,9
C109,3,28,8,22.466214297881354,9
C109,4,29,7,14.271446481023982,9
C109,5,30,6,3.1338614465242434,9
C110,1,29,7,16.151456851685733,9
C110,2,28,8,17.549823648847962,9
C110,3,28,8,19.35671833003931,9
C110,4,29,7,11.410469544336097,9
C110,5,30,6,4.878379463934879,9
C111,1,29,7,47.17915177076635,9
C111,2,28,8,18.04300929909396,9
C111,3,28,8,22.892709315172173,9
C111,4,29,7,15.503200364091787,9
C111,5,30,6,3.1040804198713676,9
C112,1,29,7,8.179275777084111,9
C112,2,28,8,18.03172284804318,9
C112,3,28,8,12.377662953976543,9
C112,4,29,7,11.986470625268183,9
C112,5,30,6,4.786161829364782,9
C113,1,29,7,18.15352383778681,9
C113,2,28,8,18.48851727622687,9
C113,3,28,8,19.325400113508046,9
C113,4,29,7,11.503407781522387,9
C113,5,30,6,4.060027575474865,9
C114,1,29,7,19.304723663879827,9
C114,2,28,8,21.67764491296036,9
C114,3,28,8,10.971497789600473,9
C114,4,29,7,15.434459924485356,9
C114,5,30,6,4.270899298843758,9
C115,1,29,7,34.708053934875245,9
C115,2,28,8,18.08285884387551,9
C115,3,28,8,21.443133548122205,9
C115,4,29,7,12.971905688129887,9
C115,5,30,6,3.3644112480287167,9
C116,1,29,7,19.304723663879827,9
C116,2,28,8,21.67764491296036,9
C116,3,28,8,10.971497789600473,9
C116,4,29,7,15.434459924485356,9
C116,5,30,6,4.270899298843758,9
C117,1,29,7,9.109010316567598,4
C117,2,28,8,13.69918315602107,4
C117,3,28,8,8.70663836155308,4
C117,4,29,7,7.4413086608327585,4
C117,5,30,6,4.457366854342751,4
C118,1,29,7,9.272712532023489,4
C118,2,28,8,13.262441385061747,4
C118,3,28,8,8.620836323920354,4
C118,4,29,7,7.076762867163929,4
C118,5,30,6,4.503529903618928,4
C119,1,29,7,10.610397913892296,4
C119,2,28,8,18.05304778414165,4
C119,3,28,8,8.987779084461517,4
C119,4,29,7,13.465476904692336,4
C119,5,30,6,7.836882236352066,4
C120,1,29,7,11.094889497750717,4
C120,2,28,8,17.63335567026809,4
C120,3,28,8,8.869765590103935,4
C120,4,29,7,12.892896745720925,4
C120,5,30,6,7.729660850233635,4
C121,1,29,7,8.926215090133459,4
C121,2,28,8,13.898381391344572,4
C121,3,28,8,10.43348772984,4
C121,4,29,7,7.8253255155729216,4
C121,5,30,6,4.590528513980818,4
C122,1,29,7,9.035881573919387,4
C122,2,28,8,13.5257200572022,4
C122,3,28,8,10.00291908952685,4
C122,4,29,7,7.5920679326713785,4
C122,5,30,6,4.627875202589698,4
C123,1,29,7,10.610397913892296,4
C123,2,28,8,18.05304778414165,4
C123,3,28,8,8.987779084461517,4
C123,4,29,7,13.465476904692336,4
C123,5,30,6,7.836882236352066,4
C124,1,29,7,11.094889497750717,4
C124,2,28,8,17.63335567026809,4
C124,3,28,8,8.869765590103935,4
C124,4,29,7,12.892896745720925,4
C124,5,30,6,7.729660850233635,4
C125,1,29,7,9.218692932305414,6
C125,2,28,8,13.452866854947892,6
C125,3,28,8,10.65807084634599,6
C125,4,29,7,7.294914052328681,6
C125,5,30,6,4.421063683397074,6
C126,1,29,7,9.637909324255242,6
C126,2,28,8,13.377313794233354,6
C126,3,28,8,9.909787846092483,6
C126,4,29,7,6.678870616979646,6
C126,5,30,6,4.542555775769807,6
C127,1,29,7,10.60833960866596,6
C127,2,28,8,18.15891124873672,6
C127,3,28,8,8.958312691540444,6
C127,4,29,7,13.526243386606362,6
C127,5,30,6,7.90248595640998,6
C128,1,29,7,10.989611658132338,6
C128,2,28,8,17.65637593609085,6
C128,3,28,8,8.93275913837269,6
C128,4,29,7,12.887578244222494,6
C128,5,30,6,7.768072040769068,6
C129,1,29,7,9.142056342011577,6
C129,2,28,8,13.58017931049412,6
C129,3,28,8,12.070185405896094,6
C129,4,29,7,8.04716478300539,6
C129,5,30,6,4.280662446811078,6
C130,1,29,7,9.379042835466873,6
C130,2,28,8,13.52322113429804,6
C130,3,28,8,11.097834507145594,6
C130,4,29,7,7.548061134411824,6
C130,5,30,6,4.471850221353611,6
C131,1,29,7,10.60833960866596,6
C131,2,28,8,18.15891124873672,6
C131,3,28,8,8.958312691540444,6
C131,4,29,7,13.526243386606362,6
C131,5,30,6,7.90248595640998,6
C132,1,29,7,10.989611658132338,6
C132,2,28,8,17.65637593609085,6
C132,3,28,8,8.93275913837269,6
C132,4,29,7,12.887578244222494,6
C132,5,30,6,7.768072040769068,6
C133,1,29,7,9.340220966903923,9
C133,2,28,8,14.639223212050446,9
C133,3,28,8,10.761136566953308,9
C133,4,29,7,7.13398251727966,9
C133,5,30,6,4.359590751211714,9
C134,1,29,7,9.823988996883196,9
C134,2,28,8,13.906962047018439,9
C134,3,28,8,9.965480816459618,9
C134,4,29,7,6.926558250678171,9
C134,5,30,6,4.511415172881716,9
C135,1,29,7,10.785640377131122,9
C135,2,28,8,18.533529072150966,9
C135,3,28,8,8.904791094717051,9
C135,4,29,7,13.644483917501123,9
C135,5,30,6,7.7807594361147565,9
C136,1,29,7,11.271806201709786,9
C136,2,28,8,18.04890086373493,9
C136,3,28,8,8.992791351214443,9
C136,4,29,7,13.121927887292589,9
C136,5,30,6,7.699207621826871,9
C137,1,29,7,8.980483973065246,9
C137,2,28,8,14.768836235235478,9
C137,3,28,8,11.539263701498086,9
C137,4,29,7,7.551620523291327,9
C137,5,30,6,4.179184310352244,9
C138,1,29,7,9.355704669638719,9
C138,2,28,8,14.192114387104837,9
C138,3,28,8,10.44511133156107,9
C138,4,29,7,7.313786919864065,9
C138,5,30,6,4.393076299514824,9
C139,1,29,7,10.785640377131122,9
C139,2,28,8,18.533529072150966,9
C139,3,28,8,8.904791094717051,9
C139,4,29,7,13.644483917501123,9
C139,5,30,6,7.7807594361147565,9
C140,1,29,7,11.271806201709786,9
C140,2,28,8,18.04890086373493,9
C140,3,28,8,8.992791351214443,9
C140,4,29,7,13.121927887292589,9
C140,5,30,6,7.699207621826871,9
C141,1,29,7,10.372769805336276,4
C141,2,28,8,17.11015477824055,4
C141,3,28,8,9.903223873352657,4
C141,4,29,7,10.03099524916574,4
C141,5,30,6,4.10632268104532,4
C142,1,29,7,10.926068726856073,4
C142,2,28,8,16.47577874528957,4
C142,3,28,8,9.949192804306273,4
C142,4,29,7,9.539139742866293,4
C142,5,30,6,5.187611661486533,4
C143,1,29,7,13.061697439943416,4
C143,2,28,8,19.889555183284067,4
C143,3,28,8,10.66191946794991,4
C143,4,29,7,12.96226650037979,4
C143,5,30,6,4.0588392083284015,4
C144,1,29,7,13.454990983997767,4
C144,2,28,8,19.4137824306951,4
C144,3,28,8,10.586370151489,4
C144,4,29,7,12.107383994164454,4
C144,5,30,6,4.641023211562626,4
C145,1,29,7,9.585700506225841,4
C145,2,28,8,16.007964512507456,4
C145,3,28,8,10.041931395498715,4
C145,4,29,7,9.289977936897085,4
C145,5,30,6,3.857660683599603,4
C146,1,29,7,9.93750033255866,4
C146,2,28,8,15.555968157729827,4
C146,3,28,8,10.125547921679361,4
C146,4,29,7,9.070580772268295,4
C146,5,30,6,4.099565736248469,4
C147,1,29,7,13.053638443126712,4
C147,2,28,8,19.768839403349215,4
C147,3,28,8,10.648352676337751,4
C147,4,29,7,12.94514664632563,4
C147,5,30,6,4.1266811958739895,4
C148,1,29,7,13.450994127782964,4
C148,2,28,8,19.311093566234817,4
C148,3,28,8,10.563248219272166,4
C148,4,29,7,12.12774634340268,4
C148,5,30,6,4.705825479395149,4
C149,1,29,7,9.200535020556663,6
C149,2,28,8,16.73064892414183,6
C149,3,28,8,12.510045263637615,6
C149,4,29,7,8.950783816350198,6
C149,5,30,6,4.899469533087508,6
C150,1,29,7,9.518361145355483,6
C150,2,28,8,16.09217425197927,6
C150,3,28,8,12.279045199829854,6
C150,4,29,7,8.861134552571473,6
C150,5,30,6,5.806882318790016,6
C151,1,29,7,13.08346376353014,6
C151,2,28,8,19.17025818486538,6
C151,3,28,8,12.436648879351313,6
C151,4,29,7,11.937902214404835,6
C151,5,30,6,4.795288552140935,6
C152,1,29,7,13.25937198389448,6
C152,2,28,8,18.62669413520782,6
C152,3,28,8,11.815487154408402,6
C152,4,29,7,11.592806640140221,6
C152,5,30,6,5.777106569837414,6
C153,1,29,7,8.645086050580016,6
C153,2,28,8,15.72740564166173,6
C153,3,28,8,13.256981365327498,6
C153,4,29,7,8.21287775735959,6
C153,5,30,6,4.246104603351652,6
C154,1,29,7,8.439372820862417,6
C154,2,28,8,15.026975785207581,6
C154,3,28,8,13.224696835715044,6
C154,4,29,7,8.147399765735372,6
C154,5,30,6,4.348295836855788,6
C155,1,29,7,12.866549728137608,6
C155,2,28,8,19.16883326944603,6
C155,3,28,8,12.554843690020842,6
C155,4,29,7,11.783501083545625,6
C155,5,30,6,4.847262997879566,6
C156,1,29,7,13.039542692731148,6
C156,2,28,8,18.62325582575119,6
C156,3,28,8,12.243309924853095,6
C156,4,29,7,11.616030460324987,6
C156,5,30,6,5.264373137322164,6
C157,1,29,7,9.385951158000818,9
C157,2,28,8,16.246567921155968,9
C157,3,28,8,13.133834767466604,9
C157,4,29,7,9.549138804950179,9
C157,5,30,6,5.136627976464703,9
C158,1,29,7,9.807851570820189,9
C158,2,28,8,15.795114737138716,9
C158,3,28,8,12.798659304635901,9
C158,4,29,7,9.509318136061536,9
C158,5,30,6,5.685582286671861,9
C159,1,29,7,12.861748755021903,9
C159,2,28,8,18.549355947202535,9
C159,3,28,8,13.120766403786904,9
C159,4,29,7,11.908202488754291,9
C159,5,30,6,4.7872700974014775,9
C160,1,29,7,13.119797098238076,9
C160,2,28,8,18.215445980775446,9
C160,3,28,8,12.458269577211572,9
C160,4,29,7,11.730065324592577,9
C160,5,30,6,5.327200103104713,9
C161,1,29,7,8.738916554176331,9
C161,2,28,8,14.678417600774432,9
C161,3,28,8,14.066108534048077,9
C161,4,29,7,8.460762511212407,9
C161,5,30,6,4.717006860941102,9
C162,1,29,7,9.102495870946887,9
C162,2,28,8,14.583754762568942,9
C162,3,28,8,13.829240165866224,9
C162,4,29,7,8.318534570792032,9
C162,5,30,6,4.518885651052557,9
C163,1,29,7,12.669748020214216,9
C163,2,28,8,18.338700707502735,9
C163,3,28,8,13.421279104358952,9
C163,4,29,7,11.502263429481442,9
C163,5,30,6,5.208856768527803,9
C164,1,29,7,13.009105851487334,9
C164,2,28,8,18.004525290474486,9
C164,3,28,8,13.032315795386992,9
C164,4,29,7,11.639056090208664,9
C164,5,30,6,5.513819090955576,9
C165,1,29,7,7.053786870267944,5
C165,2,28,8,14.036190068871566,5
C165,3,28,8,10.457455526551668,5
C165,4,29,7,11.216973940890398,5
C165,5,30,6,5.46635003394299,5
C166,1,29,7,7.2069104228731735,5
C166,2,28,8,12.993950436353717,5
C166,3,28,8,9.987849995858008,5
C166,4,29,7,10.124334734655536,5
C166,5,30,6,5.262345024699135,5
C167,1,29,7,8.707680677787376,5
C167,2,28,8,14.222348741288716,5
C167,3,28,8,9.250896756766501,5
C167,4,29,7,11.391588122215666,5
C167,5,30,6,5.757376804829745,5
C168,1,29,7,9.34214527563385,5
C168,2,28,8,13.955194900410566,5
C168,3,28,8,9.689323634832206,5
C168,4,29,7,10.002400628727477,5
C168,5,30,6,5.520931381350832,5
C169,1,29,7,8.953075584258254,5
C169,2,28,8,15.601019432902138,5
C169,3,28,8,10.983449430082606,5
C169,4,29,7,11.489941493634696,5
C169,5,30,6,3.903867494764806,5
C170,1,29,7,8.685452192854395,5
C170,2,28,8,16.500319763690218,5
C170,3,28,8,10.33279704994573,5
C170,4,29,7,10.271656842020448,5
C170,5,30,6,4.740993080196933,5
C171,1,29,7,10.576384704426607,5
C171,2,28,8,16.60962169822811,5
C171,3,28,8,9.891851917353334,5
C171,4,29,7,11.112432291528872,5
C171,5,30,6,4.2207268361900665,5
C172,1,29,7,11.15079191259551,5
C172,2,28,8,15.866669170432246,5
C172,3,28,8,9.618617746651056,5
C172,4,29,7,9.90751647505068,5
C172,5,30,6,4.222309723902714,5
C173,1,29,7,5.916692611011907,10
C173,2,28,8,14.197286202371028,10
C173,3,28,8,12.139168576560785,10
C173,4,29,7,10.673410774606767,10
C173,5,30,6,4.8966936506919385,10
C174,1,29,7,7.25102896107159,10
C174,2,28,8,13.881989075222611,10
C174,3,28,8,11.532521742702704,10
C174,4,29,7,9.378904775672943,10
C174,5,30,6,4.964770754307306,10
C175,1,29,7,8.576199158151375,10
C175,2,28,8,14.889906838569242,10
C175,3,28,8,11.464938886941562,10
C175,4,29,7,9.718335992819755,10
C175,5,30,6,4.5125097785666,10
C176,1,29,7,9.157810467050245,10
C176,2,28,8,14.185043846336248,10
C176,3,28,8,11.733577810910086,10
C176,4,29,7,8.417332979695287,10
C176,5,30,6,4.582929110103376,10
C177,1,29,7,8.38628894856883,10
C177,2,28,8,15.619006443905603,10
C177,3,28,8,12.364239707583701,10
C177,4,29,7,10.609125298368777,10
C177,5,30,6,5.24657917519682,10
C178,1,29,7,8.057080383667632,10
C178,2,28,8,14.895071777364317,10
C178,3,28,8,12.331829633736065,10
C178,4,29,7,10.900938635246128,10
C178,5,30,6,5.0111653252429775,10
C179,1,29,7,11.091896263593004,10
C179,2,28,8,16.591486066546512,10
C179,3,28,8,11.50334524579294,10
C179,4,29,7,11.387388378953382,10
C179,5,30,6,4.3978720784854906,10
C180,1,29,7,11.052432901007991,10
C180,2,28,8,15.409439984172908,10
C180,3,28,8,11.947606887239909,10
C180,4,29,7,9.188846564970742,10
C180,5,30,6,4.7738452512597975,10
