split,policy,cells,MAPE_pct,MAE_cycles,mean_residual
Test,3.6C(30%)-6C,2,66.53158673372809,280.07707559283864,280.07707559283864
Test,3.6C(9%)-5C,2,75.19371695015792,296.6220631720263,296.6220631720263
Test,4.65C(44%)-5C,2,45.35220337987799,217.75625146654357,217.75625146654357
Test,4.65C(69%)-6C,2,53.47328412081971,241.46340137226542,241.46340137226542
Test,4.8C(80%)-4.8C,5,45.59548219619137,218.20876724442815,218.20876724442815
Test,4.8C(80%)-4.8C-newstructure,3,15.595975760562618,125.93111748636223,100.81318622410618
Test,5.2C(50%)-4.25C,5,53.12576469768773,240.09737403862283,240.09737403862283
Test,5.2C(58%)-4C,4,45.84414739574925,218.28412484049346,218.28412484049346
Test,5.2C(58%)-4C-newstructure,3,13.37456743649849,125.4716718845034,27.134132088100916
Test,5.6C(26%)-4.5C,6,57.4589766611331,254.95479290942345,254.95479290942345
Test,5.6C(26%)-4.5C-newstructure,3,13.078409378940064,114.68964794036545,45.759461945290774
Test,6C(60%)-3C,2,72.8319891110786,291.0897239636037,291.0897239636037
Train OOF,3.6C(80%)-3.6C,3,10.970589939476001,129.70725493761756,-129.70725493761756
Train OOF,4.4C(80%)-4.4C,1,4.183775474043732,44.93374859122969,-44.93374859122969
Train OOF,4.8C(80%)-4.8C,2,11.550857721933792,77.64858747677442,77.64858747677442
Train OOF,4C(80%)-4C,2,15.810756571465145,193.91821513179252,-193.91821513179252
Train OOF,5.4C(40%)-3.6C,2,8.782401901891308,91.18189100641979,-77.27234346661027
Train OOF,5.4C(50%)-3.6C,2,3.2216947995218694,28.96795071192463,28.96795071192463
Train OOF,5.4C(50%)-3C,2,12.116726121970398,96.42250945833274,81.94635520089827
Train OOF,5.4C(60%)-3.6C,2,5.155274892546645,44.36228365545736,44.36228365545736
Train OOF,5.4C(60%)-3C,2,27.275718520212063,208.7081301347729,208.7081301347729
Train OOF,5.4C(70%)-3C,2,7.2162070509768945,56.19929950144939,-46.7331400451248
Train OOF,6C(30%)-3.6C,2,7.142443606691623,70.61052642469411,-70.61052642469411
Train OOF,6C(40%)-3.6C,2,3.062154752664677,26.03611525828478,10.328126005575086
Train OOF,6C(40%)-3C,2,8.74973575157853,86.22201849717084,-57.272004284766865
Train OOF,6C(50%)-3.6C,2,4.14253430788713,33.75119079858848,-12.205999126750498
Train OOF,6C(50%)-3C,2,3.146451304643288,28.632520584475685,-21.980710899254348
Train OOF,7C(40%)-3C,2,7.497901423416812,49.55760423709188,49.55760423709188
Train OOF,8C(15%)-3.6C,2,9.027476929622452,92.6400203528504,-92.6400203528504
Train OOF,8C(25%)-3.6C,2,5.820756140682638,38.558654392205256,38.558654392205256
Valid,5.4C(80%)-5.4C,2,26.831950450136222,146.3128179950633,146.3128179950633
Valid,6C(60%)-3C,2,6.693802918133576,50.0228440101244,-50.0228440101244
Valid,7C(30%)-3.6C,2,19.016944685890707,137.46926984639958,137.46926984639958
Valid,7C(40%)-3.6C,2,11.599583345055185,72.004659056955,72.004659056955
Valid,8C(35%)-3.6C,2,13.77770462029667,83.56493979391712,83.56493979391712
