cell_id,batch,policy,cycle_life,split,prediction,residual,absolute_error,APE_pct,life_group,unseen_policy,new_structure
B1c0,B1,3.6C(80%)-3.6C,1190.0,Train OOF,1048.9299600218349,-141.07003997816514,141.07003997816514,11.854625208249173,long >1000,False,False
B1c1,B1,3.6C(80%)-3.6C,1179.0,Train OOF,1055.7162303856674,-123.28376961433264,123.28376961433264,10.456638644133387,long >1000,False,False
B1c2,B1,3.6C(80%)-3.6C,1177.0,Train OOF,1052.232044779645,-124.7679552203549,124.7679552203549,10.600505966045446,long >1000,False,False
B1c3,B1,4C(80%)-4C,1226.0,Train OOF,1030.4088637920609,-195.59113620793914,195.59113620793914,15.953600016960777,long >1000,False,False
B1c4,B1,4C(80%)-4C,1227.0,Train OOF,1034.754705944354,-192.2452940556459,192.2452940556459,15.66791312596951,long >1000,False,False
B1c5,B1,4.4C(80%)-4.4C,1074.0,Train OOF,1029.0662514087703,-44.93374859122969,44.93374859122969,4.183775474043732,long >1000,False,False
B1c6,B1,4.8C(80%)-4.8C,636.0,Train OOF,760.1769599297053,124.17695992970528,124.17695992970528,19.52467923423039,middle 500-1000,False,False
B1c7,B1,4.8C(80%)-4.8C,870.0,Train OOF,901.1202150238436,31.12021502384357,31.12021502384357,3.577036209637192,middle 500-1000,False,False
B1c8,B1,5.4C(40%)-3.6C,879.0,Train OOF,892.9095475398095,13.909547539809523,13.909547539809523,1.582428616588114,middle 500-1000,False,False
B1c9,B1,5.4C(40%)-3.6C,1054.0,Train OOF,885.54576552697,-168.45423447303006,168.45423447303006,15.982375187194501,long >1000,False,False
B1c10,B1,5.4C(50%)-3C,906.0,Train OOF,891.5238457425655,-14.476154257434473,14.476154257434473,1.5978095206881318,middle 500-1000,False,False
B1c11,B1,5.4C(50%)-3C,788.0,Train OOF,966.368864659231,178.368864659231,178.368864659231,22.635642723252666,middle 500-1000,False,False
B1c12,B1,5.4C(50%)-3.6C,902.0,Train OOF,927.0208883650155,25.02088836501548,25.02088836501548,2.7739344085383015,middle 500-1000,False,False
B1c13,B1,5.4C(50%)-3.6C,897.0,Train OOF,929.9150130588338,32.91501305883378,32.91501305883378,3.669455190505438,middle 500-1000,False,False
B1c14,B1,5.4C(60%)-3C,880.0,Train OOF,1017.692276987756,137.69227698775603,137.69227698775603,15.64684965769955,middle 500-1000,False,False
B1c15,B1,5.4C(60%)-3C,719.0,Train OOF,998.7239832817897,279.72398328178974,279.72398328178974,38.90458738272458,middle 500-1000,False,False
B1c16,B1,5.4C(60%)-3.6C,862.0,Train OOF,924.608034519485,62.608034519485045,62.608034519485045,7.263113053304529,middle 500-1000,False,False
B1c17,B1,5.4C(60%)-3.6C,857.0,Train OOF,883.1165327914297,26.116532791429677,26.116532791429677,3.0474367317887605,middle 500-1000,False,False
B1c18,B1,5.4C(70%)-3C,691.0,Train OOF,700.4661594563246,9.46615945632459,9.46615945632459,1.3699217737083342,middle 500-1000,False,False
B1c19,B1,5.4C(70%)-3C,788.0,Train OOF,685.0675604534258,-102.93243954657419,102.93243954657419,13.062492328245455,middle 500-1000,False,False
B1c22,B1,6C(30%)-3.6C,891.0,Train OOF,864.7212698094532,-26.278730190546753,26.278730190546753,2.949352434404798,middle 500-1000,False,False
B1c23,B1,6C(30%)-3.6C,1014.0,Train OOF,899.0576773411585,-114.94232265884148,114.94232265884148,11.335534778978449,long >1000,False,False
B1c24,B1,6C(40%)-3C,1017.0,Train OOF,873.5059772180623,-143.4940227819377,143.4940227819377,14.109540096552381,long >1000,False,False
B1c25,B1,6C(40%)-3C,854.0,Train OOF,882.950014212404,28.95001421240397,28.95001421240397,3.3899314066046804,middle 500-1000,False,False
B1c26,B1,6C(40%)-3.6C,870.0,Train OOF,854.2920107472903,-15.707989252709694,15.707989252709694,1.8055160060585855,middle 500-1000,False,False
B1c27,B1,6C(40%)-3.6C,842.0,Train OOF,878.3642412638599,36.36424126385987,36.36424126385987,4.318793499270768,middle 500-1000,False,False
B1c28,B1,6C(50%)-3C,860.0,Train OOF,866.6518096852213,6.6518096852213375,6.6518096852213375,0.7734662424675974,middle 500-1000,False,False
B1c29,B1,6C(50%)-3C,917.0,Train OOF,866.38676851627,-50.61323148373003,50.61323148373003,5.5194363668189785,middle 500-1000,False,False
B1c30,B1,6C(50%)-3.6C,709.0,Train OOF,730.545191671838,21.545191671837983,21.545191671837983,3.0388140580871625,middle 500-1000,False,False
B1c31,B1,6C(50%)-3.6C,876.0,Train OOF,830.042810074661,-45.95718992533898,45.95718992533898,5.246254557687098,middle 500-1000,False,False
B1c36,B1,7C(40%)-3C,704.0,Train OOF,728.4188186213951,24.418818621395076,24.418818621395076,3.4685821905390735,middle 500-1000,False,False
B1c37,B1,7C(40%)-3C,648.0,Train OOF,722.6963898527887,74.69638985278868,74.69638985278868,11.527220656294551,middle 500-1000,False,False
B1c40,B1,8C(15%)-3.6C,966.0,Train OOF,915.1142526247717,-50.885747375228334,50.885747375228334,5.267675711721359,middle 500-1000,False,False
B1c41,B1,8C(15%)-3.6C,1051.0,Train OOF,916.6057066695275,-134.39429333047246,134.39429333047246,12.787278147523546,long >1000,False,False
B1c42,B1,8C(25%)-3.6C,702.0,Train OOF,720.3217021680634,18.32170216806344,18.32170216806344,2.6099290837697207,middle 500-1000,False,False
B1c43,B1,8C(25%)-3.6C,651.0,Train OOF,709.7956066163471,58.79560661634707,58.79560661634707,9.031583197595555,middle 500-1000,False,False
B1c20,B1,5.4C(80%)-5.4C,534.0,Valid,691.1149761055856,157.11497610558558,157.11497610558558,29.422280169585317,middle 500-1000,True,False
B1c21,B1,5.4C(80%)-5.4C,559.0,Valid,694.510659884541,135.51065988454104,135.51065988454104,24.241620730687128,middle 500-1000,True,False
B1c32,B1,6C(60%)-3C,731.0,Valid,694.4925059548243,-36.50749404517569,36.50749404517569,4.99418523189818,middle 500-1000,True,False
B1c33,B1,6C(60%)-3C,757.0,Valid,693.4618060249269,-63.53819397507311,63.53819397507311,8.393420604368972,middle 500-1000,True,False
B1c34,B1,7C(30%)-3.6C,742.0,Valid,885.8395045540633,143.8395045540633,143.8395045540633,19.385377972245728,middle 500-1000,True,False
B1c35,B1,7C(30%)-3.6C,703.0,Valid,834.0990351387359,131.09903513873587,131.09903513873587,18.648511399535685,middle 500-1000,True,False
B1c38,B1,7C(40%)-3.6C,617.0,Valid,693.004659056955,76.004659056955,76.004659056955,12.31842124099757,middle 500-1000,True,False
B1c39,B1,7C(40%)-3.6C,625.0,Valid,693.004659056955,68.004659056955,68.004659056955,10.880745449112801,middle 500-1000,True,False
B1c44,B1,8C(35%)-3.6C,616.0,Valid,691.1149761055856,75.11497610558558,75.11497610558558,12.193989627530128,middle 500-1000,True,False
B1c45,B1,8C(35%)-3.6C,599.0,Valid,691.0149034822487,92.01490348224866,92.01490348224866,15.361419613063216,middle 500-1000,True,False
B2c0,B2,5.2C(58%)-4C,477.0,Test,693.0565863550592,216.05658635505915,216.05658635505915,45.29488183544217,short <500,True,False
B2c1,B2,5.6C(26%)-4.5C,491.0,Test,694.8079558428528,203.80795584285283,203.80795584285283,41.50874864416554,short <500,True,False
B2c2,B2,5.2C(50%)-4.25C,424.0,Test,693.004659056955,269.004659056955,269.004659056955,63.44449506060259,short <500,True,False
B2c3,B2,4.65C(44%)-5C,499.0,Test,693.004659056955,194.004659056955,194.004659056955,38.87868918977054,short <500,True,False
B2c4,B2,4.65C(69%)-6C,444.0,Test,694.510659884541,250.51065988454104,250.51065988454104,56.421319793815556,short <500,True,False
B2c5,B2,3.6C(30%)-6C,416.0,Test,694.510659884541,278.51065988454104,278.51065988454104,66.94967785686083,short <500,True,False
B2c6,B2,3.6C(9%)-5C,393.0,Test,693.004659056955,300.004659056955,300.004659056955,76.337063373271,short <500,True,False
B2c7,B2,4.8C(80%)-4.8C-newstructure,777.0,Test,990.0993518421982,213.0993518421982,213.0993518421982,27.425914008004916,middle 500-1000,True,True
B2c8,B2,5.2C(58%)-4C-newstructure,904.0,Test,908.1127811574686,4.112781157468589,4.112781157468589,0.4549536678615696,middle 500-1000,True,True
B2c9,B2,5.6C(26%)-4.5C-newstructure,791.0,Test,1031.6736648284843,240.67366482848433,240.67366482848433,30.426506299429118,middle 500-1000,True,True
B2c10,B2,4.8C(80%)-4.8C,492.0,Test,694.8538310199094,202.85383101990942,202.85383101990942,41.23045345933118,short <500,False,False
B2c11,B2,5.2C(50%)-4.25C,449.0,Test,692.708134697244,243.70813469724396,243.70813469724396,54.277981001613355,short <500,True,False
B2c12,B2,4.65C(44%)-5C,466.0,Test,707.5078438761321,241.50784387613214,241.50784387613214,51.825717569985436,short <500,True,False
B2c13,B2,4.65C(69%)-6C,460.0,Test,692.4161428599898,232.4161428599898,232.4161428599898,50.52524844782387,short <500,True,False
B2c14,B2,3.6C(30%)-6C,426.0,Test,707.6434913011362,281.64349130113624,281.64349130113624,66.11349561059536,short <500,True,False
B2c15,B2,3.6C(9%)-5C,396.0,Test,689.2394672870976,293.23946728709757,293.23946728709757,74.05037052704485,short <500,True,False
B2c16,B2,4.8C(80%)-4.8C,472.0,Test,690.9500584579937,218.9500584579937,218.9500584579937,46.38772424957494,short <500,False,False
B2c17,B2,5.6C(26%)-4.5C,471.0,Test,689.2394672870976,218.23946728709757,218.23946728709757,46.33534337305681,short <500,True,False
B2c18,B2,5.2C(50%)-4.25C,449.0,Test,687.9041060903911,238.9041060903911,238.9041060903911,53.2080414455214,short <500,True,False
B2c19,B2,6C(60%)-3C,392.0,Test,689.1747888702524,297.1747888702524,297.1747888702524,75.80989511996235,short <500,True,False
B2c20,B2,5.2C(58%)-4C,489.0,Test,708.702062613923,219.70206261392298,219.70206261392298,44.92884716031145,short <500,True,False
B2c21,B2,6C(60%)-3C,408.0,Test,693.004659056955,285.004659056955,285.004659056955,69.85408310219485,short <500,True,False
B2c24,B2,4.8C(80%)-4.8C,514.0,Test,693.004659056955,179.004659056955,179.004659056955,34.82580915504961,middle 500-1000,False,False
B2c25,B2,5.2C(58%)-4C,493.0,Test,689.3212640379326,196.32126403793256,196.32126403793256,39.821757411345345,short <500,True,False
B2c26,B2,5.6C(26%)-4.5C,450.0,Test,708.702062613923,258.702062613923,258.702062613923,57.48934724753844,short <500,True,False
B2c27,B2,5.2C(50%)-4.25C,474.0,Test,693.004659056955,219.004659056955,219.004659056955,46.203514568977845,short <500,True,False
B2c28,B2,4.8C(80%)-4.8C,437.0,Test,705.8068813102849,268.8068813102849,268.8068813102849,61.511872153383266,short <500,False,False
B2c29,B2,5.2C(58%)-4C,452.0,Test,693.0565863550592,241.05658635505915,241.05658635505915,53.33110317589804,short <500,True,False
B2c30,B2,5.6C(26%)-4.5C,412.0,Test,710.5462062787144,298.5462062787144,298.5462062787144,72.46267142687243,short <500,True,False
B2c31,B2,5.6C(26%)-4.5C,425.0,Test,693.004659056955,268.004659056955,268.004659056955,63.05991977810706,short <500,True,False
B2c32,B2,4.8C(80%)-4.8C-newstructure,809.0,Test,936.0171037235044,127.01710372350442,127.01710372350442,15.700507258776813,middle 500-1000,True,True
B2c33,B2,5.2C(58%)-4C-newstructure,1140.0,Test,992.4936903053963,-147.50630969460371,147.50630969460371,12.939149973210853,long >1000,True,True
B2c34,B2,5.6C(26%)-4.5C-newstructure,1186.0,Test,1088.281617900772,-97.71838209922794,97.71838209922794,8.239323954403703,long >1000,True,True
B2c41,B2,5.6C(26%)-4.5C,442.0,Test,724.4284063769978,282.4284063769978,282.4284063769978,63.897829497058325,short <500,True,False
B2c42,B2,5.2C(50%)-4.25C,474.0,Test,703.865311291569,229.86531129156901,229.86531129156901,48.49479141172342,short <500,True,False
B2c43,B2,4.8C(80%)-4.8C-newstructure,1029.0,Test,991.3231031066159,-37.67689689338408,37.67689689338408,3.6615060149061303,long >1000,True,True
B2c44,B2,5.2C(58%)-4C-newstructure,841.0,Test,1065.7959248014379,224.79592480143788,224.79592480143788,26.72959866842305,middle 500-1000,True,True
B2c45,B2,5.6C(26%)-4.5C-newstructure,997.0,Test,991.3231031066159,-5.676896893384082,5.676896893384082,0.5693978829873704,middle 500-1000,True,True
B2c46,B2,4.8C(80%)-4.8C,503.0,Test,724.4284063769978,221.42840637699783,221.42840637699783,44.02155196361785,middle 500-1000,False,False
