cell_id,batch,policy,cycle_life,split,cv_fold
B1c0,B1,3.6C(80%)-3.6C,1190.0,Train OOF,1
B1c1,B1,3.6C(80%)-3.6C,1179.0,Train OOF,1
B1c2,B1,3.6C(80%)-3.6C,1177.0,Train OOF,1
B1c3,B1,4C(80%)-4C,1226.0,Train OOF,2
B1c4,B1,4C(80%)-4C,1227.0,Train OOF,2
B1c5,B1,4.4C(80%)-4.4C,1074.0,Train OOF,4
B1c6,B1,4.8C(80%)-4.8C,636.0,Train OOF,3
B1c7,B1,4.8C(80%)-4.8C,870.0,Train OOF,3
B1c8,B1,5.4C(40%)-3.6C,879.0,Train OOF,1
B1c9,B1,5.4C(40%)-3.6C,1054.0,Train OOF,1
B1c10,B1,5.4C(50%)-3C,906.0,Train OOF,4
B1c11,B1,5.4C(50%)-3C,788.0,Train OOF,4
B1c12,B1,5.4C(50%)-3.6C,902.0,Train OOF,5
B1c13,B1,5.4C(50%)-3.6C,897.0,Train OOF,5
B1c14,B1,5.4C(60%)-3C,880.0,Train OOF,2
B1c15,B1,5.4C(60%)-3C,719.0,Train OOF,2
B1c16,B1,5.4C(60%)-3.6C,862.0,Train OOF,3
B1c17,B1,5.4C(60%)-3.6C,857.0,Train OOF,3
B1c18,B1,5.4C(70%)-3C,691.0,Train OOF,1
B1c19,B1,5.4C(70%)-3C,788.0,Train OOF,1
B1c22,B1,6C(30%)-3.6C,891.0,Train OOF,5
B1c23,B1,6C(30%)-3.6C,1014.0,Train OOF,5
B1c24,B1,6C(40%)-3C,1017.0,Train OOF,3
B1c25,B1,6C(40%)-3C,854.0,Train OOF,3
B1c26,B1,6C(40%)-3.6C,870.0,Train OOF,4
B1c27,B1,6C(40%)-3.6C,842.0,Train OOF,4
B1c28,B1,6C(50%)-3C,860.0,Train OOF,5
B1c29,B1,6C(50%)-3C,917.0,Train OOF,5
B1c30,B1,6C(50%)-3.6C,709.0,Train OOF,2
B1c31,B1,6C(50%)-3.6C,876.0,Train OOF,2
B1c36,B1,7C(40%)-3C,704.0,Train OOF,4
B1c37,B1,7C(40%)-3C,648.0,Train OOF,4
B1c40,B1,8C(15%)-3.6C,966.0,Train OOF,3
B1c41,B1,8C(15%)-3.6C,1051.0,Train OOF,3
B1c42,B1,8C(25%)-3.6C,702.0,Train OOF,2
B1c43,B1,8C(25%)-3.6C,651.0,Train OOF,2
B1c20,B1,5.4C(80%)-5.4C,534.0,Valid,
B1c21,B1,5.4C(80%)-5.4C,559.0,Valid,
B1c32,B1,6C(60%)-3C,731.0,Valid,
B1c33,B1,6C(60%)-3C,757.0,Valid,
B1c34,B1,7C(30%)-3.6C,742.0,Valid,
B1c35,B1,7C(30%)-3.6C,703.0,Valid,
B1c38,B1,7C(40%)-3.6C,617.0,Valid,
B1c39,B1,7C(40%)-3.6C,625.0,Valid,
B1c44,B1,8C(35%)-3.6C,616.0,Valid,
B1c45,B1,8C(35%)-3.6C,599.0,Valid,
B2c0,B2,5.2C(58%)-4C,477.0,Test,
B2c1,B2,5.6C(26%)-4.5C,491.0,Test,
B2c2,B2,5.2C(50%)-4.25C,424.0,Test,
B2c3,B2,4.65C(44%)-5C,499.0,Test,
B2c4,B2,4.65C(69%)-6C,444.0,Test,
B2c5,B2,3.6C(30%)-6C,416.0,Test,
B2c6,B2,3.6C(9%)-5C,393.0,Test,
B2c7,B2,4.8C(80%)-4.8C-newstructure,777.0,Test,
B2c8,B2,5.2C(58%)-4C-newstructure,904.0,Test,
B2c9,B2,5.6C(26%)-4.5C-newstructure,791.0,Test,
B2c10,B2,4.8C(80%)-4.8C,492.0,Test,
B2c11,B2,5.2C(50%)-4.25C,449.0,Test,
B2c12,B2,4.65C(44%)-5C,466.0,Test,
B2c13,B2,4.65C(69%)-6C,460.0,Test,
B2c14,B2,3.6C(30%)-6C,426.0,Test,
B2c15,B2,3.6C(9%)-5C,396.0,Test,
B2c16,B2,4.8C(80%)-4.8C,472.0,Test,
B2c17,B2,5.6C(26%)-4.5C,471.0,Test,
B2c18,B2,5.2C(50%)-4.25C,449.0,Test,
B2c19,B2,6C(60%)-3C,392.0,Test,
B2c20,B2,5.2C(58%)-4C,489.0,Test,
B2c21,B2,6C(60%)-3C,408.0,Test,
B2c24,B2,4.8C(80%)-4.8C,514.0,Test,
B2c25,B2,5.2C(58%)-4C,493.0,Test,
B2c26,B2,5.6C(26%)-4.5C,450.0,Test,
B2c27,B2,5.2C(50%)-4.25C,474.0,Test,
B2c28,B2,4.8C(80%)-4.8C,437.0,Test,
B2c29,B2,5.2C(58%)-4C,452.0,Test,
B2c30,B2,5.6C(26%)-4.5C,412.0,Test,
B2c31,B2,5.6C(26%)-4.5C,425.0,Test,
B2c32,B2,4.8C(80%)-4.8C-newstructure,809.0,Test,
B2c33,B2,5.2C(58%)-4C-newstructure,1140.0,Test,
B2c34,B2,5.6C(26%)-4.5C-newstructure,1186.0,Test,
B2c41,B2,5.6C(26%)-4.5C,442.0,Test,
B2c42,B2,5.2C(50%)-4.25C,474.0,Test,
B2c43,B2,4.8C(80%)-4.8C-newstructure,1029.0,Test,
B2c44,B2,5.2C(58%)-4C-newstructure,841.0,Test,
B2c45,B2,5.6C(26%)-4.5C-newstructure,997.0,Test,
B2c46,B2,4.8C(80%)-4.8C,503.0,Test,
