cell_id,batch,cycle_life,policy,C1,switch_SOC,C2,new_structure,initial_QD,mean_QD,std_QD,QD_slope_10_100,mean_IR,IR_change,mean_Tavg,mean_Tmax,mean_chargetime,I10_charge_median,delta_logvar,delta_min,delta_mean,delta_range,delta_anchor_mean,delta_full_logvar,delta_raw_logvar
B1c0,B1,1190.0,3.6C(80%)-3.6C,3.6,80.0,3.6,0,1.0735761,1.0759184336734693,0.0012057353455437918,3.0947155680760724e-06,0.01664332204040404,5.575049999999998e-05,31.603747328822767,35.376748303030304,13.384230505050484,3.5815507727272724,-5.026780707129354,-0.00841364073012607,-0.003351950689675246,0.008782404706720648,-0.003346173499758902,-5.014861042960788,-5.025937802156524
B1c1,B1,1179.0,3.6C(80%)-3.6C,3.6,80.0,3.6,0,1.078544,1.0812468797979797,0.0011909795450513007,-1.386407708233212e-05,0.016921770387755098,9.306000000000245e-05,31.33031430692745,34.16065478787879,13.374696464646446,3.2945294545454544,-5.036728564355753,-0.010997203696843372,-0.004600280499378657,0.010831555386250415,-0.004434632188785701,-5.013959617162855,-5.027829353793169
B1c2,B1,1177.0,3.6C(80%)-3.6C,3.6,80.0,3.6,0,1.0830303,1.0853711969696969,0.0010255172720119404,-5.208700429995722e-06,0.016768978602040817,0.00011779900000000176,31.47958411321121,34.54464383838384,13.378886329966337,3.2753667272727274,-4.737530918361227,-0.017195755598897577,-0.005093711438242195,0.017114758638869937,-0.005012714478214554,-4.7369997419805365,-4.732499930348989
B1c3,B1,1226.0,4C(80%)-4C,4.0,80.0,4.0,0,1.083112,1.0849489696969699,0.0010963475152406647,6.368388278398741e-06,0.016310912734693876,0.00010467299999999957,29.942198807956427,30.662263141414144,12.053277171717166,2.9195451818181817,-4.462061986468626,-0.01893195035567463,-0.008406717034047185,0.018969194794381826,-0.00844396147275438,-4.442613359277012,-4.461031340233307
B1c4,B1,1227.0,4C(80%)-4C,4.0,80.0,4.0,0,1.0807526,1.082843531313131,0.001095028753107385,8.424255454690661e-06,0.016668886163265305,4.813550000000097e-05,31.44888383416564,34.38251588888889,12.053313636363642,2.7398088181818183,-4.671162236246573,-0.013951301360423662,-0.006525460271406456,0.013929271187161743,-0.006495429707444655,-4.647743660307859,-4.669377644813073
B1c5,B1,1074.0,4.4C(80%)-4.4C,4.4,80.0,4.4,0,1.0790976,1.0803274434343435,0.0010474769149627693,2.0457525083623468e-06,0.016270388575757577,2.599950000000198e-05,30.92149771366389,33.02000678787879,15.07576803030309,3.300033045454545,-4.210841296065295,-0.025168361463309474,-0.012436584034207202,0.025254232678730754,-0.012515735805255527,-4.178877963304522,-4.20837220468544
B1c6,B1,636.0,4.8C(80%)-4.8C,4.8,80.0,4.8,0,1.0798916,1.0809117848484848,0.0011514053246823603,-1.8384228380318223e-05,0.01667571006122449,-0.0001603520000000025,32.27384521945563,35.79263145454546,10.04485760942758,2.6390535,-3.785218333344922,-0.037883187475972524,-0.017996625705833526,0.03790492638192601,-0.018016227419352753,-3.7688779002277237,-3.783623891160944
B1c7,B1,870.0,4.8C(80%)-4.8C,4.8,80.0,4.8,0,1.0969613,1.0969264323232324,0.0008160083405221343,-1.2389668737060214e-05,0.016213918408163264,8.647099999999769e-05,31.990084509217034,35.32269474747474,10.044094528619514,1.1035468181818182,-3.833006515618162,-0.03821944372189556,-0.018568299525289732,0.03801957498664189,-0.018368430790036052,-3.8134860773269867,-3.8316975049852613
B1c8,B1,879.0,5.4C(40%)-3.6C,5.4,40.0,3.6,0,1.0930603,1.0947719373737375,0.0008728084188628772,-7.819638477472863e-06,0.016711705707070708,9.582899999999867e-05,32.076506270161325,34.45206194949494,11.24361163299663,1.4024005909090906,-4.023999379291989,-0.03080682157612713,-0.014427095039131331,0.030798899926552444,-0.014419173389556643,-4.001194608771134,-4.024304907004327
B1c9,B1,1054.0,5.4C(40%)-3.6C,5.4,40.0,3.6,0,1.0852641,1.0876998484848484,0.0009772024093552619,5.299069915599302e-06,0.01683536523232323,2.7423999999998117e-05,32.64153361126789,35.98493365656566,11.241857609427619,3.132085818181818,-4.077330492159424,-0.02866249969010415,-0.012980211130501854,0.028593404384474122,-0.012911115824871824,-4.059383677769545,-4.0756647813953
B1c10,B1,906.0,5.4C(50%)-3C,5.4,50.0,3.0,0,1.0779266,1.0817046181818184,0.001579220410833336,6.0261347348371834e-06,0.01656396842857143,0.000179035000000001,33.208150668462316,36.87145022222223,11.688040235690274,2.999813818181818,-4.039210357684409,-0.026983222082415548,-0.012211240211327206,0.026995417208181986,-0.012223435337093648,-4.022573146487059,-4.038590760335446
B1c11,B1,788.0,5.4C(50%)-3C,5.4,50.0,3.0,0,1.0570793,1.060083885858586,0.0014342920160654257,4.613694855870166e-06,0.016200727826530613,-0.00021665649999999884,32.75932260623101,36.23175358585859,11.684114427609464,2.9998137727272725,-4.157798718295079,-0.023680636482926398,-0.009672759800950264,0.023656223620199313,-0.009648346938223178,-4.146896530502188,-4.155247276427455
B1c12,B1,902.0,5.4C(50%)-3.6C,5.4,50.0,3.6,0,1.0801911,1.082155223232323,0.0008676591348281112,6.052810957250435e-07,0.01643905623232323,6.273700000000021e-05,33.4580219141428,37.448847525252525,10.68385405723906,2.695076727272727,-4.14851502428483,-0.027435597572084358,-0.012633804858408386,0.02738119031705383,-0.012572375275482842,-4.125190648988873,-4.1465363865713165
B1c13,B1,897.0,5.4C(50%)-3.6C,5.4,50.0,3.6,0,1.0827487,1.0842732373737374,0.0008261310229366408,-7.604817646123064e-06,0.01703655094949495,6.807099999999941e-05,32.09216634315908,34.67959250505051,10.685353013468022,1.617469818181818,-4.078678012720689,-0.0291341358097722,-0.014722010487004918,0.028949061176230792,-0.014536024640641338,-4.048006457642694,-4.076450493589753
B1c14,B1,880.0,5.4C(60%)-3C,5.4,60.0,3.0,0,1.0739669,1.0761029171717171,0.0012270028331920458,1.630952062430929e-05,0.016975001838383838,8.100499999996735e-06,33.07746279993842,36.63094507070707,14.925935387205387,2.268815454545454,-4.073666748795133,-0.02829393524020296,-0.013527862960211487,0.028247616226919132,-0.013481543946927655,-4.046069839990279,-4.072638187607679
B1c15,B1,719.0,5.4C(60%)-3C,5.4,60.0,3.0,0,1.0652857,1.0676568858585858,0.00140079990792507,1.673795190317282e-05,0.016839986434343434,-5.1047500000001717e-05,33.147720104395674,37.056188636363636,14.92770846801342,2.205866,-4.03541884219889,-0.028939011644836254,-0.012572851200656515,0.028763192506074446,-0.012397032061894709,-4.017949103167607,-4.033788577291455
B1c16,B1,862.0,5.4C(60%)-3.6C,5.4,60.0,3.6,0,1.0846543,1.0864695565656566,0.0012032831895770354,1.3498762541802934e-05,0.016697524142857145,0.00011917850000000077,32.41716254671688,35.85141423232323,10.12547436026938,2.1153696818181817,-4.1318316371293315,-0.02760578189390228,-0.013900351580306869,0.027472502312168683,-0.013767071998573271,-4.099413675443745,-4.130306524318076
B1c17,B1,857.0,5.4C(60%)-3.6C,5.4,60.0,3.6,0,1.0748942,1.0771062363636363,0.0010541182453571362,5.362154801722931e-06,0.016676227535353534,0.00012538600000000164,32.088753858534446,35.43276257575758,10.13811205387206,1.5307417727272727,-3.996395633999361,-0.031065013178709355,-0.015046791196720496,0.031029341309034023,-0.015011119327045162,-3.970159451162403,-3.9947991502515525
B1c18,B1,691.0,5.4C(70%)-3C,5.4,70.0,3.0,0,1.0683733,1.068100106122449,0.0017050418772144268,-6.229287805528483e-05,0.018004754414141413,-0.003969921000000001,31.831057275618022,35.415118353535355,9.925956313131316,0.2499866454545454,-3.6798112697357492,-0.04413101310456535,-0.02316644156501171,0.04410209517624469,-0.023136019377508078,-3.650080545153841,-3.678599619647103
B1c19,B1,788.0,5.4C(70%)-3C,5.4,70.0,3.0,0,1.0877784,1.0883684717171715,0.0007718216160143594,-2.0336293995851352e-05,0.01632486908080808,6.2889e-05,33.044085397077396,36.83902758585858,9.930255336700304,1.0003453636363637,-3.6427927148752803,-0.04588865687640786,-0.02259433249987511,0.045848768186417005,-0.022554443809884257,-3.6199068274368353,-3.6420879216584323
B1c20,B1,534.0,5.4C(80%)-5.4C,5.4,80.0,5.4,0,1.0752697,1.0698410858585858,0.004184410419543684,-0.00014945135531135723,0.015210366091836734,-0.0003422100000000008,32.15292201754506,34.92834715151515,9.027207626262616,1.780315727272727,-3.4061432928410724,-0.06358026599888567,-0.03613382960848846,0.06350902699517799,-0.03606259060478079,-3.367237410245857,-3.4053859401393582
B1c21,B1,559.0,5.4C(80%)-5.4C,5.4,80.0,5.4,0,1.0851753,1.082226497979798,0.0026137864433469775,-9.035583054625644e-05,0.015090236234693875,3.997500000000112e-06,33.13697371135653,36.94892544444444,8.987271380471347,1.2659194545454544,-3.379049189310036,-0.06471989192195182,-0.03402422966069055,0.06457874943711402,-0.03388308717585274,-3.3503380515995875,-3.3776675198539583
B1c22,B1,891.0,6C(30%)-3.6C,6.0,30.0,3.6,0,1.0822772,1.082979815151515,0.0007437449096877575,-1.7057273451189287e-05,0.0165919733030303,6.090899999999788e-05,32.84391283877385,36.64192422222223,11.46291215488218,3.358376272727272,-3.982704108337233,-0.032138547290944786,-0.016467365443942374,0.031979508363567985,-0.01630810507657368,-3.9521686731427805,-3.982271626818173
B1c23,B1,1014.0,6C(30%)-3.6C,6.0,30.0,3.6,0,1.0819774,1.0824610575757576,0.00064132569857382,-1.5297888198762094e-05,0.016824002585858585,8.157649999999961e-05,31.99077454717494,34.8727843939394,11.458691784511789,2.575031636363636,-4.070822565911457,-0.029932773652286193,-0.014913261075731665,0.029783418089704142,-0.014763905513149612,-4.0407936433278895,-4.069361617675505
B1c24,B1,1017.0,6C(40%)-3C,6.0,40.0,3.0,0,1.0769914,1.0780331868686868,0.0007172188557690706,-7.558493390664127e-06,0.016587448888888887,9.140649999999848e-05,33.378063951824195,36.866496545454545,12.128487205387225,2.999788636363636,-3.9617243935070054,-0.0318400353142565,-0.015607106956965749,0.031617792248728294,-0.015384863891437544,-3.938662523656534,-3.960204525031828
B1c25,B1,854.0,6C(40%)-3C,6.0,40.0,3.0,0,1.0775747,1.078847887878788,0.0007311050081300092,-1.0512616658699725e-05,0.0165961417979798,8.011550000000187e-05,33.848557073949294,37.990239878787875,12.137498080808081,2.999759181818182,-4.049476697444969,-0.029435859028739464,-0.013957915072189929,0.029260548860529395,-0.01378260490397986,-4.027888820540259,-4.048603297142148
B1c26,B1,870.0,6C(40%)-3.6C,6.0,40.0,3.6,0,1.0902194,1.0905742878787879,0.0008664365793143937,-2.4660891861760114e-05,0.016285491838383837,0.00010285649999999813,33.15641406115227,36.41381293939394,10.800664208754247,1.6773171818181818,-3.82719638621264,-0.03835393603149895,-0.019958258577591422,0.03812859306440642,-0.01973291561049889,-3.7952199967853435,-3.8263206142458484
B1c27,B1,842.0,6C(40%)-3.6C,6.0,40.0,3.6,0,1.0814734,1.0820360393939392,0.0007546205717510306,-2.0381876094918566e-05,0.01609890666666667,0.00012611749999999824,33.89497000372245,37.51131004040404,10.803712340067367,2.1580400909090907,-3.878688623792567,-0.035826222456987744,-0.01743244526713127,0.035872243062315026,-0.017478465872458545,-3.8537032000559392,-3.8765198836242285
B1c28,B1,860.0,6C(50%)-3C,6.0,50.0,3.0,0,1.0804075,1.0806956292929293,0.0005808473697885737,-1.5225352763173364e-05,0.01668003754545454,0.00013635249999999904,33.773800525042,37.491157878787874,11.138253585858592,2.9996585454545452,-3.8758630867414023,-0.037210087391773894,-0.018680597272910184,0.03711106575641169,-0.01858157563754798,-3.844711807496199,-3.87470372273709
B1c29,B1,917.0,6C(50%)-3C,6.0,50.0,3.0,0,1.082124,1.0827828212121215,0.0006456219175832134,-1.4454562828473083e-05,0.016545523626262625,0.00012089800000000123,32.70415601771739,35.39940990909091,11.151875336700314,2.999636909090909,-3.8703616761942863,-0.03686594608654559,-0.018615535946869304,0.036857733785673696,-0.018607323645997414,-3.8382817049630766,-3.870015094996273
B1c30,B1,709.0,6C(50%)-3.6C,6.0,50.0,3.6,0,1.0825673,1.0828237171717172,0.0008262149778357217,-2.5976043956036012e-05,0.01600942625252525,0.00012957600000000277,33.54008830692456,36.797617333333335,10.124524292929316,1.6654872727272725,-3.769350274908755,-0.04081180262194806,-0.01989093960370899,0.04070513334238808,-0.01978427032414901,-3.744699217898308,-3.7683602160848992
B1c31,B1,876.0,6C(50%)-3.6C,6.0,50.0,3.6,0,1.097481,1.097068405050505,0.0009821231393733817,-3.470540531931799e-05,0.016865566141414143,9.507500000000002e-05,30.375396745150564,30.709141161616163,10.126957558922545,1.000255227272727,-3.8081863282472312,-0.03947095503236375,-0.020107876202759657,0.039560439394886425,-0.020197360565282325,-3.777732624088043,-3.8061242473012715
B1c32,B1,731.0,6C(60%)-3C,6.0,60.0,3.0,0,1.0804064,1.0806714494949494,0.0007058238630044114,-2.147387004299617e-05,0.016167064252525253,0.00013079899999999742,33.08050304573434,36.23561784848484,10.129902676767715,2.093120909090909,-3.6757398086150497,-0.045561421574512706,-0.023202082265786784,0.04543683683473854,-0.02307749752601262,-3.6464634970703615,-3.674609613327428
B1c33,B1,757.0,6C(60%)-3C,6.0,60.0,3.0,0,1.0955694,1.0954916464646465,0.0009462319167455618,-3.1796946966077e-05,0.016483775656565655,8.346599999999732e-05,33.67169761442224,37.731304424242424,10.129993047138067,1.737018909090909,-3.703112114319539,-0.044896820920581115,-0.024101670347022257,0.044792869142645304,-0.023997718569086446,-3.6670575975866413,-3.700865848239098
B1c34,B1,742.0,7C(30%)-3.6C,7.0,30.0,3.6,0,1.078815,1.0800699888888887,0.0007272870882621551,-1.0398015607580281e-05,0.01685519708080808,7.235799999999806e-05,32.66455167507311,36.08252629292929,11.035507962962974,2.8665299999999996,-3.880228281884791,-0.03721729461123302,-0.01807838130790028,0.037255688262561835,-0.018116241548434827,-3.848616157008837,-3.879010278416079
B1c35,B1,703.0,7C(30%)-3.6C,7.0,30.0,3.6,0,1.0735042,1.0745076737373735,0.0007027143826541125,-5.950627488450408e-06,0.016967092292929295,0.00012990599999999908,32.09733437854189,34.87752171717172,11.036444074074083,3.071056727272727,-3.8047267541835508,-0.03915198068506964,-0.020387305806928987,0.039047614700546386,-0.02028293982240573,-3.7726058155960294,-3.8038518770415863
B1c36,B1,704.0,7C(40%)-3C,7.0,40.0,3.0,0,1.0807844,1.0812765595959595,0.0007104421735963635,-1.628153049849124e-05,0.016437746262626264,0.00016772249999999836,32.04688205693082,33.970878757575754,11.554803670033683,2.9998341818181817,-3.705054964616349,-0.04462007138289503,-0.02350928450676811,0.04451083926064021,-0.023400002715300978,-3.6695013425959444,-3.703186569079269
B1c37,B1,648.0,7C(40%)-3C,7.0,40.0,3.0,0,1.0774544,1.0780300424242424,0.0007605825290446468,-1.9236196846627564e-05,0.01654642202020202,0.00013257950000000046,32.95969887229894,36.05156987878787,11.561455202020227,2.9998276363636363,-3.7009785685589223,-0.044540904342368126,-0.02182811716892636,0.04430455203576227,-0.021591764862320506,-3.673938893314921,-3.698426212117409
B1c38,B1,617.0,7C(40%)-3.6C,7.0,40.0,3.6,0,1.0752445,1.075801506060606,0.0006463898758454917,-1.8634390826566925e-05,0.01621205696969697,0.0001988974999999997,33.69474656343401,37.29856363636363,10.23158840067342,2.940264636363636,-3.4627140345378247,-0.056388280370440635,-0.02991242046048343,0.05636023449446125,-0.02987133129163298,-3.4330481735466756,-3.4615939178804336
B1c39,B1,625.0,7C(40%)-3.6C,7.0,40.0,3.6,0,1.0847878,1.085658998989899,0.0006974026916973628,-1.355503105589223e-05,0.016691104555555555,0.00018465400000000284,33.50643317156701,37.403860242424244,10.242025976430945,1.821192,-3.5330148291929504,-0.05314241271073872,-0.027333415386018883,0.05298681196352117,-0.027172683868388794,-3.5045337204530713,-3.5310939656809284
B1c40,B1,966.0,8C(15%)-3.6C,8.0,15.0,3.6,0,1.0863302,1.0869299777777777,0.0007304158641508088,-1.8422352285391665e-05,0.01667927321212121,0.000143645500000001,33.45968416375564,37.756139949494944,12.087224326599337,3.5135217272727273,-4.079346322425921,-0.028811701907123455,-0.014136179101862026,0.028769265701810497,-0.014093742896549067,-4.0552127051547355,-4.080024539291151
B1c41,B1,1051.0,8C(15%)-3.6C,8.0,15.0,3.6,0,1.0820209,1.082886786868687,0.0006614050883900506,-9.669214843125774e-06,0.016744890505050507,8.509199999999842e-05,33.07332253245542,36.8232453030303,12.091290892255918,3.5993628181818176,-4.097604861346445,-0.02850436061028261,-0.013853046247871106,0.02847170210182464,-0.013794655329223773,-4.071513969179501,-4.094971893965829
B1c42,B1,702.0,8C(25%)-3.6C,8.0,25.0,3.6,0,1.0829167,1.083889183838384,0.0006395508190474782,-7.099162286985007e-06,0.01671562283838384,0.00020245999999999806,33.58506724391689,37.673212,11.178124326599383,3.599158181818182,-3.6985298511208797,-0.044694674576850835,-0.023063915434317572,0.044406362621278526,-0.02277560347874526,-3.6658557852690015,-3.6952762754043014
B1c43,B1,651.0,8C(25%)-3.6C,8.0,25.0,3.6,0,1.0708795,1.070522194949495,0.0008917599141955492,-3.225106864150365e-05,0.016104855565656565,0.00021441950000000015,33.339782658681436,36.82060524242424,11.17782324915825,3.5993532727272726,-3.6941511711629755,-0.04460235497110454,-0.021573209597399064,0.04447202170289347,-0.021436256648313053,-3.667779071634814,-3.6938814569277385
B1c44,B1,616.0,8C(35%)-3.6C,8.0,35.0,3.6,0,1.0876219,1.0868420717171718,0.0011324582364728485,-4.222089504697998e-05,0.01741384996969697,0.00021852149999999904,32.55333216968653,35.79095866666667,10.258049427609434,3.1929050909090906,-3.4565287024323914,-0.05878918593109106,-0.03254346993104094,0.058539631369449195,-0.032293915369399066,-3.42070000480644,-3.455116552099199
B1c45,B1,599.0,8C(35%)-3.6C,8.0,35.0,3.6,0,1.0867909,1.0871594505050506,0.0007692257379954453,-2.2526972447838818e-05,0.016674251585858585,0.0002248580000000014,33.0005473910965,36.69642807070708,10.257274326599303,1.720170090909091,-3.4597897234095587,-0.059276352949916955,-0.03203545553034128,0.059275221364612427,-0.032016175831541024,-3.425292235698853,-3.458990850071095
B2c0,B2,477.0,5.2C(58%)-4C,5.2,58.0,4.0,0,1.1040769,1.105088570707071,0.0031105730342623514,1.0050197483675751e-05,0.017335808494949492,0.00011320249999999948,31.808470926230026,35.36620380400637,10.17325806397317,1.6434270909090907,-3.517764753094483,-0.05506026527919006,-0.028750552526859877,0.05486199107372819,-0.028552278321398006,-3.4872647963011447,-3.5166764853919052
B2c1,B2,491.0,5.6C(26%)-4.5C,5.6,26.0,4.5,0,1.1065422,1.1049235595959594,0.003436063196507257,-3.1866625258790506e-05,0.01755231991919192,-0.0005196365000000001,33.60099815475848,36.451634705216804,10.198514225589118,3.039327545454545,-3.337168830031379,-0.06611427527811853,-0.03920146520759603,0.066106984296934,-0.03919417422641149,-3.2980513654760366,-3.33706233767693
B2c2,B2,424.0,5.2C(50%)-4.25C,5.2,50.0,4.25,0,1.0748364,1.0746630466666667,0.011293903158766674,-6.105121197639826e-06,0.01646109804040404,-9.739899999999801e-05,33.17566129490617,37.429077970616994,10.17503702020208,3.4319617272727267,-3.488121250259126,-0.05267892412089015,-0.028080115549994036,0.052415946947785855,-0.027817138376889736,-3.4602483651128177,-3.4869589573285293
B2c3,B2,499.0,4.65C(44%)-5C,4.65,44.0,5.0,0,1.0983597,1.1014852565656565,0.0030443226622133123,7.46289679885362e-05,0.01591516953535354,0.00014286449999999923,33.93805810095692,38.772733971659186,10.173178956229002,1.9794568181818182,-3.5067455532033027,-0.055867991838732256,-0.022802253030022576,0.055712578644913774,-0.022646839836204087,-3.496242996974693,-3.5060566184287882
B2c4,B2,444.0,4.65C(69%)-6C,4.65,69.0,6.0,0,1.0893486,1.0859254535353535,0.0032305742589696083,-6.578035355948732e-05,0.016186317888888888,-0.0005070250000000012,33.04820861652687,37.435182660123296,10.231960420875373,4.648482545454545,-3.260465948011088,-0.07029696893326376,-0.03862536968807103,0.07031932571976184,-0.03864772647456911,-3.232506812226559,-3.2594659108679624
B2c5,B2,416.0,3.6C(30%)-6C,3.6,30.0,6.0,0,1.0987128,1.0879375151515152,0.01296949576213955,-0.00018602243828634072,0.015297588929292928,-0.00044183100000000017,33.01307013030371,37.65087846482749,10.198699713804725,2.0207630909090906,-3.1241308577423808,-0.08614890998111202,-0.050906523124487874,0.08608371400009532,-0.050841327143471164,-3.085881724279185,-3.123634090631427
B2c6,B2,393.0,3.6C(9%)-5C,3.6,9.0,5.0,0,1.0895009,1.0929755737373739,0.002911002426144214,5.756180124223628e-05,0.016037468727272727,-0.00015942550000000097,33.81904518975318,39.79713499833347,10.17931370370378,1.8440316363636362,-3.5500152228547055,-0.04987165695522444,-0.02357378626972361,0.04985069379952402,-0.023552823114023184,-3.53003968650195,-3.5484847883872632
B2c7,B2,777.0,4.8C(80%)-4.8C-newstructure,4.8,80.0,4.8,1,1.0910656,1.0930350373737374,0.0024698310807556184,5.744192705845211e-05,0.014790622575757575,-1.4209500000000874e-05,33.769687089746824,37.14950685044426,10.035777525252517,2.4235274545454546,-4.256876211223779,-0.02173728202168601,-0.010093408446049735,0.021901974395534315,-0.01025810081989804,-4.231670089905405,-4.254718089553299
B2c8,B2,904.0,5.2C(58%)-4C-newstructure,5.2,58.0,4.0,1,1.0912212,1.0901590962626262,0.01221914851519545,-5.30790716674609e-05,0.016466365090909093,-1.1786499999999478e-05,33.59868374090274,35.674109782051225,10.03986983164983,2.492876909090909,-4.115842930067571,-0.02783949239353878,-0.012541004909721936,0.027919405853455176,-0.012603130662574647,-4.10242248030074,-4.114623599844051
B2c9,B2,791.0,5.6C(26%)-4.5C-newstructure,5.6,26.0,4.5,1,1.0979091,1.0975024424242423,0.001878552772318587,-3.945754419493187e-05,0.015396235121212121,-6.327249999999937e-05,32.3508526526095,33.58605048865401,10.039928501683493,2.3701165,-4.3301011178181295,-0.01975352651297757,-0.008210546019078965,0.027394095122507123,-0.008358664190668993,-4.344425682662564,-4.3293947905994825
B2c10,B2,492.0,4.8C(80%)-4.8C,4.8,80.0,4.8,0,1.1100956,1.1111783965656563,0.011659720700200233,6.384393725116053e-05,0.01705791890909091,-3.0159999999997827e-05,31.720791269063756,34.35574737651136,10.169499612794551,1.0003224090909089,-3.493461100267529,-0.055802351823209806,-0.03268241205990478,0.05562722812910569,-0.03250728836580066,-3.4509001132975605,-3.4930172670201256
B2c11,B2,449.0,5.2C(50%)-4.25C,5.2,50.0,4.25,0,1.0974864,1.1010659737373738,0.01436863062561724,0.00012643977384934718,0.01721894155555555,0.0003505640000000011,33.146477466034135,37.95576609273272,10.173883215488235,1.8460117727272725,-3.5109374579404267,-0.05489789312254545,-0.02695528028601182,0.05472493335913201,-0.026782320522598383,-3.485393220979881,-3.5087840729286777
B2c12,B2,466.0,4.65C(44%)-5C,4.65,44.0,5.0,0,1.1027371,1.104144308080808,0.0021044591743401993,3.275929447364646e-05,0.01652292034343434,-0.00039281099999999985,31.314676947956993,33.5953920153671,10.174858552188601,1.699628,-3.2012901907149574,-0.07733094721416789,-0.043578511751699855,0.07718712423106938,-0.043434688768601355,-3.1679683681509765,-3.2008132998635825
B2c13,B2,460.0,4.65C(69%)-6C,4.65,69.0,6.0,0,1.0958422,1.0949361080808082,0.0014655567238952023,-8.52741041567002e-06,0.016067178222222225,-0.0005323245000000004,31.946988973926523,35.0716189725971,10.214119579124512,4.209426545454545,-3.3846517977068284,-0.06467350383817005,-0.0374885700753472,0.06464116225800232,-0.03745622849517946,-3.3444477218838284,-3.3843959450320305
B2c14,B2,426.0,3.6C(30%)-6C,3.6,30.0,6.0,0,1.0842229,1.0792566424242422,0.0035360729254499553,-0.0001001943749004632,0.016259522828282826,-0.00045472599999999905,32.123877001585356,35.20046863818076,49.87950749158258,3.569325545454545,-3.1577060917636133,-0.0837069216192593,-0.048932140778327,0.08332024376815235,-0.04854546292722004,-3.118519966248836,-3.1566576827220536
B2c15,B2,396.0,3.6C(9%)-5C,3.6,9.0,5.0,0,1.0703146,1.0750435303030301,0.0030415483252091372,8.864344640866963e-05,0.016303822929292926,-0.0006190855000000016,32.862747677246595,36.07268366663823,10.173053501683547,2.4884293181818182,-3.5459606845148137,-0.050934457986083426,-0.027014891860533234,0.05076070238504642,-0.02684113625949623,-3.516251926776714,-3.544447640284709
B2c16,B2,472.0,4.8C(80%)-4.8C,4.8,80.0,4.8,0,1.0965556,1.0970297515151517,0.0019939284871606953,-2.2458525242871458e-05,0.01749052915151515,-9.05320000000008e-05,32.7673986704417,36.992036254667184,10.171620942760958,1.9404740454545455,-3.527366610866096,-0.053253968347559466,-0.029174239130616876,0.05299880223396554,-0.028919073017022952,-3.494880991874622,-3.5263877454116836
B2c17,B2,471.0,5.6C(26%)-4.5C,5.6,26.0,4.5,0,1.0921801,1.0939235666666667,0.002237246233426176,3.920608058608689e-05,0.017088656323232324,-0.0002475570000000024,32.988612809790894,34.74907966738554,10.181222777777869,3.1009457272727268,-3.5290264933657034,-0.05256187921296962,-0.027269007413266422,0.05239146391714732,-0.027098592117444125,-3.5003441284740386,-3.527979106304837
B2c18,B2,449.0,5.2C(50%)-4.25C,5.2,50.0,4.25,0,1.0772347,1.0825073353535357,0.003542329844150284,0.00010981586399107856,0.016646742727272724,0.00014918850000000122,32.88627829858526,36.40182568496011,10.174147626262663,3.060503909090909,-3.733225626919887,-0.03974551299523721,-0.018973698110496463,0.03969218666226066,-0.018920165166759872,-3.707302736176298,-3.7318175324044245
B2c19,B2,392.0,6C(60%)-3C,6.0,60.0,3.0,0,1.0926902,1.094755986868687,0.0028535583597285785,1.2324980092367542e-05,0.016718258151515154,0.00025404950000000245,32.770067410122046,36.54883267067881,10.173763619528666,2.546986636363636,-3.328104147680664,-0.06565168622140671,-0.038003536921133556,0.0655883503747212,-0.03794020107444805,-3.291958004542694,-3.327621533438319
B2c20,B2,489.0,5.2C(58%)-4C,5.2,58.0,4.0,0,1.0988334,1.1000841181818182,0.0021209181945641823,2.7545793916224386e-05,0.016610858888888892,0.00027335250000000075,33.61911118506716,36.88625705741767,49.79333134680135,2.032630227272727,-3.459773458187566,-0.06049985145812076,-0.027412880953492987,0.060235153141420444,-0.027148182636792684,-3.4413054314104006,-3.459516319872778
B2c21,B2,408.0,6C(60%)-3C,6.0,60.0,3.0,0,1.1005412,1.1011154092929292,0.01110453899947567,3.9052729096991255e-05,0.017200276171717172,0.0002189224999999996,33.60118814118363,38.660766342322724,10.174732340067363,2.3721989545454543,-3.3611068350055318,-0.06446699767732045,-0.036772676284146925,0.06427426895273762,-0.036579947559564105,-3.326679075199306,-3.360445106896724
B2c24,B2,514.0,4.8C(80%)-4.8C,4.8,80.0,4.8,0,1.0941064,1.0963041979797978,0.00242381392904839,4.004748686096753e-05,0.01651537671717172,-4.373499999999961e-05,33.206377241160645,38.17140352057085,10.16999885521886,1.559176,-3.6807161022688906,-0.04572967603007638,-0.0253284143221784,0.045710226120794714,-0.025308740940985276,-3.6408852680750527,-3.678002335966435
B2c25,B2,493.0,5.2C(58%)-4C,5.2,58.0,4.0,0,1.1001149,1.1022470464646466,0.0024452608617701074,3.655321070234296e-05,0.01674041588888889,0.00015472249999999924,32.23848796399698,34.442510549892894,10.172931649831627,2.0831402727272725,-3.5638910934112498,-0.05050778326443639,-0.026423079483846118,0.05043295299972576,-0.026348249219135485,-3.5344779300217333,-3.562527078759809
B2c26,B2,450.0,5.6C(26%)-4.5C,5.6,26.0,4.5,0,1.1055447,1.10416721010101,0.002163467579712804,-8.591318681323915e-06,0.017700572575757578,-0.0004431654999999986,33.75843376995604,36.91322322353181,49.8213119360269,3.0266059090909088,-3.25700328490863,-0.07330662329493642,-0.041921531622602315,0.07320761471916186,-0.04182252304682776,-3.2220536077932804,-3.256955114816189
B2c27,B2,474.0,5.2C(50%)-4.25C,5.2,50.0,4.25,0,1.0951403,1.0985360303030303,0.0027241230846826517,8.367819397993538e-05,0.01758869122222222,0.0002094170000000034,33.30411096115286,38.09066395642736,10.17464639730628,2.106878090909091,-3.516529149440665,-0.054472493532292526,-0.027688183652342106,0.05429207249891186,-0.027507762618961443,-3.48620363289781,-3.514765655388848
B2c28,B2,437.0,4.8C(80%)-4.8C,4.8,80.0,4.8,0,1.0921518,1.095054122222222,0.0024796335011265905,5.108195572543323e-05,0.016274739303030306,-0.0002618575000000005,32.143914131113334,35.334859521378185,49.80539951178444,1.989562318181818,-3.4559910696419425,-0.05649082247800585,-0.031192966750316516,0.05636802613457279,-0.03107017040688346,-3.4234111691232063,-3.4551356654244336
B2c29,B2,452.0,5.2C(58%)-4C,5.2,58.0,4.0,0,1.1035252,1.1100257606060604,0.0037116416563656935,0.00011401295747730604,0.016732251515151515,0.00020870050000000237,31.797490897448796,34.43823202248059,10.173048585858563,1.1421029999999999,-3.54124163681277,-0.05263253860651118,-0.028246444372548203,0.052410019197335705,-0.02802392496337272,-3.5082481790944344,-3.540781759537955
B2c30,B2,412.0,5.6C(26%)-4.5C,5.6,26.0,4.5,0,1.0962735,1.0929829222222223,0.003471648455662709,-8.940455964325517e-05,0.016883249333333333,-0.0007195189999999983,33.81182141567536,37.34308786098118,49.82939452861952,2.9307699090909085,-3.219451097337494,-0.07552257333539059,-0.043666009493933615,0.07550874635544187,-0.04365218251398491,-3.1854095592748743,-3.218926919322162
B2c31,B2,425.0,5.6C(26%)-4.5C,5.6,26.0,4.5,0,1.0990947,1.0998533494949494,0.0017860116806856774,4.7088318203547896e-05,0.016325805828282827,-0.0002164209999999979,33.3758501254003,35.656391701768925,10.194512441077386,2.967084227272727,-3.380222469131471,-0.0642275785746863,-0.033925134243501194,0.06469622360984989,-0.03427017552347675,-3.35235883148731,-3.3790254296723212
B2c32,B2,809.0,4.8C(80%)-4.8C-newstructure,4.8,80.0,4.8,1,1.0897303,1.0900473909090909,0.0030514738774422585,-7.674978818282664e-05,0.014811171424242424,-7.162999999999961e-05,32.16894887045923,33.94637920302099,49.67143777777785,2.4906782727272727,-4.163061988019672,-0.027460953791058174,-0.01471557587999747,0.02740268510024876,-0.014599915951521273,-4.131466155166347,-4.16345001660245
B2c33,B2,1140.0,5.2C(58%)-4C-newstructure,5.2,58.0,4.0,1,1.0742047,1.0705903191919193,0.015028060800760778,-0.00013961106864150057,0.014990987444444446,-3.306450000000079e-05,32.74157143407892,34.30263809635044,10.03956353535346,3.983440409090909,-4.247949427233316,-0.02408423463558107,-0.012573382226293254,0.026280438852232912,-0.012413511692067924,-4.23162831933775,-4.245568652336286
B2c34,B2,1186.0,5.6C(26%)-4.5C-newstructure,5.6,26.0,4.5,1,1.0681121,1.0671324676767675,0.0020980947717854693,-6.514612836439189e-05,0.01495288393939394,-2.7031000000000277e-05,35.66789148456313,38.96110461672359,49.6776396632997,4.501415636363637,-4.457768836631955,-0.019139144582862033,-0.008928893840201874,0.020460939574751813,-0.009003147290245315,-4.448585173324752,-4.457290124927018
B2c41,B2,442.0,5.6C(26%)-4.5C,5.6,26.0,4.5,0,1.1055639,1.1059561515151515,0.001773037623849087,2.763353240961766e-05,,,30.193787010451164,32.72284623520075,49.81976715488214,2.9732623636363638,-3.1999803290496116,-0.08092661397219753,-0.041848881787897106,0.08077492076900954,-0.041697188584709124,-3.1723658101769976,-0.8851472238416132
B2c42,B2,474.0,5.2C(50%)-4.25C,5.2,50.0,4.25,0,1.1036506,1.107131119191919,0.003431546416368161,8.673744545309738e-05,,,31.709620029469267,35.574378964676875,10.175111565656564,1.8287416363636362,-3.5286703521888128,-0.05416759825435957,-0.03239285406744481,0.053966239051572294,-0.032191494864657534,-3.482587648007536,-0.9417284150306066
B2c43,B2,1029.0,4.8C(80%)-4.8C-newstructure,4.8,80.0,4.8,1,1.1010081,1.0986638707070708,0.0032284877935201545,-8.207105590061978e-05,,,33.92914533704784,36.97438163334141,10.036751245791278,2.012637727272727,-4.247770765103526,-0.019164692173532005,-0.00840056527581012,0.029291037641439754,-0.008519930899059402,-4.271781928623568,-1.1471648814155369
B2c44,B2,841.0,5.2C(58%)-4C-newstructure,5.2,58.0,4.0,1,1.0982679,1.0976287414141412,0.001290630019939643,-2.9368394648826308e-05,,,33.95995836968299,36.8790253111546,49.66138013468012,2.4360345,-4.38070422790145,-0.020302085254984004,-0.009745947079826322,0.020408747358055278,-0.009676555331336864,-4.36452348032534,-1.0785201431895615
B2c45,B2,997.0,5.6C(26%)-4.5C-newstructure,5.6,26.0,4.5,1,1.1035562,1.1012188434343433,0.008355580481589457,-8.36388612836361e-05,,,35.271412144027664,37.86687606904902,10.040190555555519,2.2938919090909087,-4.195123309633498,-0.026669401619436095,-0.01240864137716716,0.026698706276244984,-0.012437946033976051,-4.175214949171005,-1.0296020759778668
B2c46,B2,503.0,4.8C(80%)-4.8C,4.8,80.0,4.8,0,1.1018363,1.102562018181818,0.0023167815676310576,1.981349259437136e-05,,,29.88150861827619,31.01220065415558,49.80284373737375,1.2250605454545453,-3.5217179786282187,-0.05286186544204141,-0.025429923504565258,0.05501017419591542,-0.025575365109954326,-3.5088751328187002,-0.9027114773778396
B3c0,B3,1009.0,5C(67%)-4C-newstructure,5.0,67.0,4.0,1,1.069415,1.0703864353535353,0.0006524584907139318,-1.5158867654082956e-05,0.015235852282828284,-4.060100000000122e-05,32.194853230782606,33.560153344027476,10.042610084175084,3.354055227272727,-4.27052284813639,-0.023311538213562577,-0.011319899767868286,0.023353454900318735,-0.01135969647401652,-4.245114870317645,-4.269571318726137
B3c1,B3,1063.0,5.3C(54%)-4C-newstructure,5.3,54.0,4.0,1,1.067446,1.0677216717171716,0.0007058329505554828,-2.3035981844234756e-05,0.014984559090909092,-1.771199999999959e-05,34.83231929224147,37.98835277556221,10.041381363636303,3.7119570909090904,-4.306066691799527,-0.022322853432921286,-0.010752699358998828,0.022170566407900792,-0.010577672822792504,-4.28554271039912,-4.305096291507292
B3c2,B3,1267.0,5.6C(19%)-4.6C-newstructure,5.6,19.0,4.6,1,1.0622501,1.0620735151515153,0.0007432407954856966,-2.7150113075325063e-05,0.014618566616161614,-0.00021522700000000013,36.79033178065713,40.5242590441136,10.043663265993228,4.596415454545454,-4.732040299193011,-0.008647456064052816,-0.002812069125133865,0.01916870625227396,-0.0028193972581032427,-4.77938058992098,-4.730040765836957
B3c3,B3,1115.0,5.6C(36%)-4.3C-newstructure,5.6,36.0,4.3,1,1.0645473,1.0646530202020204,0.0006100444145723906,-1.969855709507913e-05,0.014999963767676767,5.3065499999999446e-05,36.08374244976545,39.4408972847914,10.041502946127975,4.300641181818182,-4.129540343938908,-0.026835179709412404,-0.012029851858193458,0.026903324414151567,-0.012089213711150343,-4.116607770381197,-4.129160642091797
B3c4,B3,1048.0,5.6C(19%)-4.6C-newstructure,5.6,19.0,4.6,1,1.0741045,1.0745377696969698,0.0004883712387389834,-1.1781070234118693e-05,0.015129103909090906,-8.125000000001187e-06,32.11715379681872,32.98110366119803,10.045573973063998,3.2424857272727268,-4.194543165138794,-0.024808487677428492,-0.011369583772411464,0.024758634891057778,-0.011313011214391733,-4.178465673149821,-4.191813082082464
B3c5,B3,828.0,5.6C(36%)-4.3C-newstructure,5.6,36.0,4.3,1,1.0533983,1.0531571414141414,0.0006473749251210896,-2.237926580665397e-05,0.01518261805050505,-0.00011831950000000015,35.56013985266867,39.69079276471186,10.042010656565727,4.300176454545454,-4.142857419118194,-0.02544481897085249,-0.012897397219260722,0.025657786253303543,-0.013090875434267601,-4.114423974726586,-4.14220324083409
B3c6,B3,667.0,3.7C(31%)-5.9C-newstructure,3.7,31.0,5.9,1,1.0629483,1.053759712121212,0.005816926229692818,-0.0002030154196528045,0.013730660939393938,0.0002778079999999992,34.1072055276095,36.98765147763979,10.080923367003404,3.660562727272727,-3.5668895271188292,-0.05320023962180909,-0.03115412659373225,0.05345709603821629,-0.03138639587962439,-3.5257081929454923,-3.566537637255515
B3c7,B3,1836.0,4.8C(80%)-4.8C-newstructure,4.8,80.0,4.8,1,1.0689943,1.0701774252525253,0.0006324969512459371,-1.0694795349574862e-05,0.015428265515151515,1.1881999999999518e-05,32.79694473003086,34.27477909930834,11.040740218855252,3.9301716363636356,-4.507113832823318,-0.01705707860007144,-0.007930843367711599,0.01721021973637176,-0.008083959307663818,-4.488742187967907,-4.507942154262565
B3c8,B3,828.0,5C(67%)-4C-newstructure,5.0,67.0,4.0,1,1.0669744,1.068006090909091,0.0006720693559464083,-1.3573261665868152e-05,0.015253319353535355,-7.546599999999973e-05,33.05552416009523,35.07929651965403,10.043270673400722,2.7977041818181814,-4.121792227176249,-0.02684891699873515,-0.013315613096097466,0.026825537969381502,-0.013286496191379314,-4.091803757442373,-4.1195377578391525
B3c9,B3,1039.0,5.3C(54%)-4C-newstructure,5.3,54.0,4.0,1,1.0718178,1.0728593262626263,0.0005937099552272031,-8.854330307374407e-06,0.0157985837979798,2.972650000000049e-05,33.08832983925303,35.09617884754773,10.04115065656567,2.564218727272727,-4.019897559795334,-0.029575022281999375,-0.016238119752609956,0.02932614683873171,-0.015989244309342288,-3.982296953008088,-4.018313388840775
B3c10,B3,1078.0,4.8C(80%)-4.8C-newstructure,4.8,80.0,4.8,1,1.0636628,1.06437858989899,0.0006076820119536643,-1.0829767478889913e-05,0.01537307471717172,-4.669650000000032e-05,32.5348014795901,34.79216549532189,11.039443922558931,4.321717318181818,-4.432782942040225,-0.019092787013876844,-0.009319054376322496,0.01896382234187008,-0.009182340385074813,-4.4113559240265765,-4.385603267941156
B3c11,B3,817.0,5.6C(19%)-4.6C-newstructure,5.6,19.0,4.6,1,1.0695097,1.0698276717171717,0.000735737434592881,-2.6095773212293817e-05,0.015524714272727273,-9.80549999999962e-06,34.20373702283128,37.60932852326845,10.042466936026983,3.0241532727272724,-3.9166574575938506,-0.03408661372557087,-0.017526947802822497,0.03419673295263955,-0.01763706702989118,-3.884921164468091,-3.9150066610460827
B3c12,B3,932.0,5.6C(36%)-4.3C-newstructure,5.6,36.0,4.3,1,1.0758239,1.0763353797979798,0.0005043662948528863,-1.403298136645261e-05,0.016047835363636364,2.2609999999999297e-05,33.2205731520236,35.542101100869175,10.042442037037002,2.397412409090909,-3.9844986836232814,-0.0317347258431363,-0.017135973364638797,0.0315778463080373,-0.016976468311937155,-3.9467899768101886,-3.982968267234525
B3c13,B3,816.0,5.6C(19%)-4.6C-newstructure,5.6,19.0,4.6,1,1.0678976,1.0687136323232325,0.0008052083454341315,-2.3632121356909914e-05,0.015128562717171716,-8.501950000000015e-05,34.11768528185422,37.233278981795394,10.042358249158227,2.7518549545454545,-4.122182191205,-0.02764601813897516,-0.013254041252773857,0.02748912540830329,-0.013091858767295574,-4.094466485311571,-4.120243593480485
B3c14,B3,858.0,5.6C(36%)-4.3C-newstructure,5.6,36.0,4.3,1,1.0753649,1.077015806060606,0.0007718267956037002,-7.178810320113945e-06,0.015551921989898992,-1.5144999999999395e-05,33.11953606667905,35.48777029470216,10.041858265993287,2.4906123636363633,-4.0307487613317265,-0.029282030368425915,-0.014887746554907075,0.029336149271594218,-0.01494186545807538,-3.999667694941731,-4.029623455996787
B3c15,B3,876.0,5.9C(15%)-4.6C-newstructure,5.9,15.0,4.6,1,1.0701469,1.070546722222222,0.000644199376944936,-1.980556458034287e-05,0.015306011222222221,-2.8455499999999884e-05,33.51055049283859,36.80771071001127,10.04163658249164,2.9025355,-4.031135009812145,-0.02948380977459908,-0.015010051764848991,0.029581997810522738,-0.015101825136560379,-4.000684421929468,-4.030485205281132
B3c16,B3,1638.0,4.8C(80%)-4.8C-newstructure,4.8,80.0,4.8,1,1.0630152,1.0635088555555554,0.0007077409654153116,-1.883284280936714e-05,0.015311050717171716,-6.345250000000004e-05,34.94134876933804,37.832425406113444,11.040587407407404,4.361560136363636,-4.6908753152344085,-0.013450784611076738,-0.005893780040023836,0.01798365005780972,-0.006057389725656233,-4.694513499472995,-4.690161519385423
B3c17,B3,1315.0,5.3C(54%)-4C-newstructure,5.3,54.0,4.0,1,1.0684953,1.067047807070707,0.0013914454244544443,-1.4394919573166945e-06,0.015443586646464644,-8.852800000000091e-05,35.07228784758459,37.40160198756502,10.042102811447801,4.000063818181818,-4.4358010453422185,-0.017879372960194595,-0.007987144419368047,0.02457603954625373,-0.008242868792338813,-4.439713079764758,-4.435302032244339
B3c18,B3,1146.0,5.6C(19%)-4.6C-newstructure,5.6,19.0,4.6,1,1.0696205,1.0688689090909091,0.0009466437939751168,-3.550209428252919e-05,0.015015526535353539,-3.7194999999989875e-06,35.2914180269327,37.97024186611959,10.04310829966328,4.38827859090909,-4.275416271151799,-0.023455748194745718,-0.011500459626686362,0.02336412855251501,-0.011390676452600189,-4.254052001185467,-4.274778484316262
B3c19,B3,1155.0,5.6C(36%)-4.3C-newstructure,5.6,36.0,4.3,1,1.0734339,1.0727208262626262,0.0009325075486465627,-3.5161089345438536e-05,0.01546349318181818,6.857500000000474e-06,35.09835953689969,37.876070766588285,10.043189629629584,3.9460147727272723,-4.197407184932482,-0.02529251644478514,-0.012841524196402589,0.025297697911711315,-0.01284079340228479,-4.171941874669042,-4.197007942939337
B3c20,B3,813.0,5C(67%)-4C-newstructure,5.0,67.0,4.0,1,1.0668859,1.067449897979798,0.0005548609507703324,-1.5147082337950086e-05,0.015263322232323233,1.3127500000001402e-05,33.10212248197412,35.739254750947524,10.043380471380493,2.8162973636363633,-4.0895785824456885,-0.028071209534624275,-0.013417937413277074,0.02795387434204785,-0.013300602220700647,-4.066344693269561,-4.088613439162673
B3c21,B3,772.0,3.7C(31%)-5.9C-newstructure,3.7,31.0,5.9,1,1.068392,1.0619781898989897,0.004597956502521592,-0.00016548362478102064,0.014093014131313133,0.0001981775000000005,34.900399416468076,37.9177756860133,10.079161515151517,3.6994309999999997,-3.74701101657751,-0.043276053908331225,-0.025696685412912798,0.04333003442486631,-0.025730309781720754,-3.704326685729231,-3.7468962750993104
B3c22,B3,1002.0,5.9C(60%)-3.1C-newstructure,5.9,60.0,3.1,1,1.0580798,1.0581549232323233,0.0006720843655782787,-2.3564351011294978e-05,0.015685687353535354,-8.394600000000141e-05,34.61069656408486,37.5322343873043,10.04255023569017,3.100866818181818,-4.082284329005468,-0.028407680353381592,-0.015318207535904396,0.028303281342986996,-0.01520422352491406,-4.046822397094466,-4.0814151280442275
B3c24,B3,825.0,5C(67%)-4C-newstructure,5.0,67.0,4.0,1,1.0489757,1.050441208080808,0.0007341883081136376,-2.15247650899136e-07,0.015554037858585858,-9.548100000000143e-05,34.68760501613314,37.236331842653044,10.041832441077416,4.000528545454546,-4.180476298379947,-0.02477196373448942,-0.011726770278394043,0.02467223493298942,-0.011627041476894043,-4.155254994876533,-4.178786159292062
B3c25,B3,989.0,5.3C(54%)-4C-newstructure,5.3,54.0,4.0,1,1.0633529,1.0648225050505051,0.0007014587880273204,-2.9054260232480894e-06,0.015641851515151513,2.8173999999998867e-05,35.58186389191699,38.88624032121534,10.042413013468028,3.442691454545454,-4.169079498311772,-0.026575480375220506,-0.012284625324738452,0.02644366593521738,-0.012152810884735327,-4.1465607447332715,-4.1703771077775595
B3c26,B3,1028.0,5.6C(19%)-4.6C-newstructure,5.6,19.0,4.6,1,1.0741377,1.075112296969697,0.0006104648834866028,-9.675868768901348e-06,0.015593572727272726,1.4365999999998297e-05,35.745916536891265,39.14135891629517,10.042290858585826,2.856296181818182,-4.238605786524196,-0.024177332724935163,-0.011348173748031874,0.024230470468581775,-0.011382744635074663,-4.219507413901045,-4.238104238598162
B3c27,B3,850.0,5.6C(36%)-4.3C-newstructure,5.6,36.0,4.3,1,1.0627744,1.0637090626262626,0.0006461001112776804,-1.3569039655995085e-05,0.014919440515151516,-3.695499999999477e-06,35.30844806776433,38.44588898200405,10.045002356902378,3.497557227272727,-4.152862063384977,-0.026599052763832343,-0.012101802888958228,0.026761562905114087,-0.012255155875018848,-4.130132310934438,-4.15189981576914
B3c28,B3,541.0,3.7C(31%)-5.9C-newstructure,3.7,31.0,5.9,1,1.0525953,1.0445220202020202,0.005707489343209764,-0.00020474461697721804,0.01342088496969697,0.0003942039999999987,35.69688828820833,39.55791836716047,10.088611986532047,3.6677724545454544,-3.489886361218506,-0.05782969803442006,-0.03319413964867844,0.05785995567658469,-0.03321552522372748,-3.451657893017001,-3.489232910533931
B3c29,B3,858.0,5.9C(15%)-4.6C-newstructure,5.9,15.0,4.6,1,1.0689218,1.0705002696969699,0.0008073721228693948,-8.117663640705664e-06,0.014824126747474747,-0.00011495600000000113,31.262889334066085,31.680285422399457,10.041979612794579,2.8298360909090907,-4.085833223358429,-0.028905714627075585,-0.012804580499520941,0.029149147839717213,-0.013029337858323924,-4.0635761002012085,-4.084738290019668
B3c30,B3,935.0,5.3C(54%)-4C-newstructure,5.3,54.0,4.0,1,1.0708957,1.0717059313131312,0.0005663031609764621,-1.2096585443535233e-05,0.015572678929292929,-4.8035000000008765e-06,32.24311941023021,33.95640656351435,10.04344259259257,2.6391809999999998,-4.117954276905283,-0.026737058203918695,-0.012529795672364633,0.0268039473989857,-0.01259368376740802,-4.1002255467806545,-4.115239086360442
B3c31,B3,731.0,5.9C(60%)-3.1C-newstructure,5.9,60.0,3.1,1,1.070212,1.0707996878787878,0.0006479798904464651,-1.799799808886109e-05,0.015875272090909092,6.190550000000072e-05,34.00003070157337,36.77304266866142,10.045700723905673,3.049358,-3.87219682526069,-0.035617403283005,-0.018378987226679085,0.03564940694523034,-0.018410990888904424,-3.8396030254357147,-3.870538128933793
B3c33,B3,1284.0,5C(67%)-4C-newstructure,5.0,67.0,4.0,1,1.0620158,1.062159194949495,0.0006018904487705112,-1.9696050326486636e-05,0.015340797171717173,-7.521599999999948e-05,33.10710984192206,34.284327507895505,10.043259696969717,3.9988361818181817,-4.407696339810798,-0.019885905774489232,-0.008796056343520858,0.019996080491002762,-0.008860740803119972,-4.395898333073689,-4.405311070806161
B3c34,B3,1158.0,5.3C(54%)-4C-newstructure,5.3,54.0,4.0,1,1.0634748,1.063246013131313,0.0007925772290505659,-2.89226739926711e-05,0.015302312080808081,-2.4408499999999805e-05,35.77943527518051,38.98815031750086,10.043539814814821,3.9986419545454543,-4.328803517332459,-0.02150683530120079,-0.010664026277367455,0.021539731556442614,-0.010655483588342068,-4.305659504591576,-4.326104499392106
B3c35,B3,1093.0,5.6C(19%)-4.6C-newstructure,5.6,19.0,4.6,1,1.0646554,1.0644993393939395,0.0006889583869454528,-2.5849850294632247e-05,0.01537437201010101,-3.560350000000011e-05,35.532941501822236,38.53730929443863,10.043588619528593,4.598166727272727,-4.253871517380271,-0.0230280301508744,-0.011020444723784013,0.023116879129075365,-0.01103289636663203,-4.234858289724564,-4.251859616632598
B3c36,B3,923.0,5.6C(36%)-4.3C-newstructure,5.6,36.0,4.3,1,1.0592415,1.0593632474747476,0.0008542720214315269,-3.125922599139511e-05,0.0151344318989899,-4.2072999999998376e-05,35.87907157748097,39.38680749559564,10.043494949494974,4.298744181818181,-4.275688654100838,-0.022979938388247856,-0.011085881699194852,0.023137255864003815,-0.011226062325747566,-4.253457920681209,-4.273362374130377
B3c37,B3,1390.0,4.8C(80%)-4.8C-newstructure,4.8,80.0,4.8,1,1.0484405,1.049442304040404,0.0019058023829454747,-1.1054983277591191e-05,0.014715773414141417,-4.277450000000037e-05,35.01461049108638,37.82132622347397,11.038428198653161,4.3617075,-5.048091531772286,-0.008375920310611962,-0.0012080785987599483,0.021158889956348848,-0.0012733141532028393,-5.098855849397497,-5.0096839517916445
B3c38,B3,1935.0,5C(67%)-4C-newstructure,5.0,67.0,4.0,1,1.0718224,1.0719827515151514,0.0004599846346953916,-1.464993948081487e-05,0.01583589924242424,-6.829749999999815e-05,34.745836319764145,37.739090670595026,10.043707962962927,3.9786737727272725,-4.357255412169066,-0.020146940571844407,-0.009705451479220268,0.02301023584158876,-0.009918191619862037,-4.342053043792284,-4.356663006681496
B3c39,B3,1156.0,5.3C(54%)-4C-newstructure,5.3,54.0,4.0,1,1.0493289,1.0505830505050504,0.0007780722204785113,-1.8707799012583198e-05,0.015563160080808082,-3.6025999999999767e-05,33.887021839840784,36.074946023996944,10.043092710437712,3.9990095454545456,-4.453130128919263,-0.017457690309141127,-0.007248211271930574,0.02308690248646425,-0.007256033662694707,-4.454635076566319,-4.454260374627766
B3c40,B3,796.0,5.6C(19%)-4.6C-newstructure,5.6,19.0,4.6,1,1.0619344,1.062999387878788,0.0008155671570181545,-2.0118948877207218e-05,0.015390749383838383,-0.00017529649999999987,34.05341123035083,37.527810173662246,10.043764865319858,3.137331909090909,-4.319927191510708,-0.0220535766115878,-0.01024058183284771,0.02213224019001795,-0.010310245053807314,-4.29510827493732,-4.318802417193646
B3c41,B3,786.0,5.6C(36%)-4.3C-newstructure,5.6,36.0,4.3,1,1.0528345,1.0543741434343434,0.0006872741398439975,1.1853320593366783e-07,0.018306992535353537,-9.607399999999808e-05,33.640262798950594,36.62919119540175,10.043162962962906,4.053715818181818,-4.235248033217509,-0.024192122575903863,-0.010943600426495805,0.02421203043369304,-0.01093908072157932,-4.2195093707566445,-4.234600358359672
B3c42,B3,1642.0,4.8C(80%)-4.8C-newstructure,4.8,80.0,4.8,1,1.0687422,1.0695203565656566,0.00047260800021764606,-5.098993470293996e-06,0.016131830323232323,-0.0004671530000000014,33.03326599301577,35.57262282220451,11.03849814814812,3.7128969090909085,-4.286235247238144,-0.005607566050202739,0.0009434570471957127,0.02730849826761217,0.0008478704983169534,-4.346194685061839,-4.287445479160747
B3c43,B3,1046.0,5C(67%)-4C-newstructure,5.0,67.0,4.0,1,1.0720655,1.0728844272727274,0.00047074603032308483,-4.090297818121304e-06,0.015828501373737373,-0.00017000899999999874,33.89526904792961,36.95614928561784,10.043652104377044,4.001177045454545,-4.264451812034506,-0.012974007399544574,-0.003637550198029293,0.029321956249250825,-0.0037946700119413095,-4.316748020025344,-4.264112167422171
B3c44,B3,940.0,5.3C(54%)-4C-newstructure,5.3,54.0,4.0,1,1.0719105,1.07331738989899,0.000689991490703951,-6.09089345437082e-06,0.015572503777777776,-9.871999999999312e-06,33.35164903826186,36.336163666791506,10.043212407407367,2.640179727272727,-4.159371885512351,-0.02598385311510132,-0.012657110546819563,0.025926126956014303,-0.012597436854355114,-4.131495522376496,-4.156931936723149
B3c45,B3,1801.0,4.8C(80%)-4.8C-newstructure,4.8,80.0,4.8,1,1.0709116,1.0714658575757574,0.0004595824842337534,-5.629530179966145e-06,0.015618692474747477,-2.2192500000000476e-05,32.72596355233115,34.6817726725469,11.038587558922575,4.325460909090909,-4.538068311790386,-0.016472627719288147,-0.007981016549856201,0.016369696140961756,-0.007876793576477593,-4.5208508005857535,-4.538262888662662
